iso3,country_name,capital,continent,region,hemisphere,landlocked,island_nation,land_area_km2,un_member,eu_member,oecd_member,nato_member,g20_member,commonwealth_member,opec_member,primary_language_family,income_group,gdp_per_capita_ppp,gdp_tier,unemployment_rate,industry_pct_gdp,services_pct_gdp,agriculture_pct_gdp,economic_structure,rd_expenditure_pct_gdp,inflation_pct,population_total,population_tier,population_density,density_tier,population_growth_pct,urban_population_pct,urbanization_tier,fertility_rate,fertility_tier,pop_65_plus_pct,aging_tier,life_expectancy,life_expectancy_tier,infant_mortality,health_expenditure_pct_gdp,education_expenditure_pct_gdp,internet_users_pct,internet_tier,electricity_access_pct,imputed_fields_count
ABW,Aruba,Oranjestad,Americas,Caribbean,Northern,0,1,180,0,0,0,0,0,0,0,Indo-European,High income,50649.3015232212,High,7.5725,9.73591736419981,79.0035997315605,0.0342144315332219,Service-dominant,0.39205,4.25746204335427,107995.0,Tiny,596.438888888889,Very-dense,0.590657103226071,61.7909396819594,Urban,1.606,Below-replacement,17.0563223230356,Aged,76.5,High,9.1,7.19602823,3.61855755636695,97.17,Very-high,100.0,4
AFG,Afghanistan,Kabul,Asia,Southern Asia,Northern,1,0,652230,1,0,0,0,0,0,0,Indo-European,Low income,2201.72290691677,Low,13.687,13.4498227120978,46.3743698691993,34.7432471445174,Agriculture-significant,0.04217,-6.60118564073725,42647492.0,Medium,63.5585008355948,Moderate,2.83657317243522,25.7007352636188,Rural,4.761,High,2.400970026561,Young,66.289,Medium,48.3,14.9857626,4.34319019317627,16.09499931,Low,85.3,1
AGO,Angola,Luanda,Africa,Middle Africa,Southern,0,0,1246700,1,0,0,0,0,0,0,Niger-Congo,Lower middle income,10118.6089945408,Lower-middle,14.02,34.56731745622,41.0551859909358,22.0693262844667,Agriculture-significant,0.03229,28.2404948915772,37885849.0,Medium,29.4777460495709,Sparse,3.04419972245653,70.6551379036435,Urban,5.048,Very-high,2.85242119224488,Young,64.805,Medium,32.1,2.54692864,2.51273663315785,40.70479965,Medium,51.1,0
ALB,Albania,Tirane,Europe,Southern Europe,Northern,0,0,28748,1,0,0,1,0,0,0,Indo-European,Upper middle income,26701.6749563776,Upper-middle,10.689,22.4011031082403,48.6899937474805,15.4519031294331,Agriculture-significant,0.19997,2.21587375089991,2377128.0,Small,88.1056569343066,Moderate,-1.54314393524594,58.5463634043555,Mixed,1.341,Below-replacement,16.922756199529,Aged,79.776,Very-high,8.3,7.05240345,3.09153008460998,85.86389923,High,100.0,0
AND,Andorra,Andorra la Vella,Europe,Southern Europe,Northern,1,0,468,1,0,0,0,0,0,0,Indo-European,High income,74939.4746038578,High,5.25,12.7530228782248,77.5890386001388,0.46592379640818,Service-dominant,0.15818,2.593769093427775,81938.0,Tiny,172.034042553191,Dense,1.32930689449906,88.8850044816278,Hyper-urban,1.087,Below-replacement,15.9456903127384,Aged,84.188,Very-high,2.4,7.69928026,1.89867997169495,94.39759827,Very-high,100.0,2
ARE,United Arab Emirates,Abu Dhabi,Asia,Western Asia,Northern,0,0,83600,1,0,0,0,0,0,1,Afro-Asiatic,High income,79228.738801276,High,2.16,44.3292859984628,54.9012947560482,0.769419245488961,Industry-heavy,1.49469,1.66336510224894,10986400.0,Medium,147.616882568291,Moderate,4.68316095317394,85.8171088279791,Hyper-urban,1.213,Below-replacement,1.76696037563358,Young,83.069,Very-high,3.8,4.97095108,3.89404010772705,100.0,Very-high,100.0,0
ARG,Argentina,Buenos Aires,Americas,South America,Southern,0,0,2780400,1,0,0,0,1,0,0,Indo-European,Upper middle income,30431.1931223693,Upper-middle,7.15,23.9965975604249,53.6514046050424,5.80601710915959,Mixed,0.60111,219.883929014578,45696159.0,Medium,16.6399559321662,Sparse,0.345829819817895,92.2742315972952,Hyper-urban,1.504,Below-replacement,12.4160041547474,Mature,77.543,High,8.0,10.2695179,5.00324010848999,89.66715228,High,100.0,0
ARM,Armenia,Yerevan,Asia,Western Asia,Northern,1,0,29743,1,0,0,0,0,0,0,Indo-European,Upper middle income,22823.1795255693,Upper-middle,12.405,22.8570663651858,61.9893697453885,7.80588621754673,Service-dominant,0.2861,0.269511978259125,3033500.0,Small,105.119108748259,Moderate,2.30761515133256,65.8113671449901,Urban,1.7,Below-replacement,13.7027691969357,Mature,78.319512195122,Very-high,8.5,9.32119179,2.43869996070862,81.33930206,High,100.0,0
ATG,Antigua and Barbuda,Saint John's,Americas,Caribbean,Northern,0,1,442,1,0,0,0,0,1,0,Indo-European,High income,33386.1917127894,Upper-middle,7.5725,18.9871150486925,69.0617140789051,1.94326780682544,Service-dominant,0.39205,6.19886698842115,93772.0,Tiny,212.081818181818,Dense,0.487472101887911,24.3906919254799,Rural,1.582,Below-replacement,11.7844974219246,Mature,77.766,High,7.0,3.91348195,3.10505161832136,72.73040009,High,100.0,2
AUS,Australia,Canberra,Oceania,Australia and New Zealand,Southern,0,1,7692024,1,0,1,0,1,1,0,Indo-European,High income,72111.1844628126,High,3.942,25.5307319894404,66.1399054113301,2.03565265249391,Service-dominant,1.85783,3.16656665428797,27196812.0,Medium,3.46591948538875,Sparse,1.99383715356028,87.6021469990446,Hyper-urban,1.481,Below-replacement,17.7300159228367,Aged,83.0512195121951,Very-high,3.1,10.39852047,5.05915021896362,96.13140106,Very-high,100.0,0
AUT,Austria,Vienna,Europe,Western Europe,Northern,1,0,83871,1,1,1,0,0,0,0,Indo-European,High income,73911.439663136,High,5.2,24.5834201904085,63.9706809373681,1.21663375792448,Service-dominant,3.25517,2.93791574279375,9177982.0,Small,110.661185167232,Moderate,0.504879813795986,69.4658181096788,Urban,1.31,Below-replacement,20.6064031791903,Super-aged,81.9951219512195,Very-high,2.8,11.8325634,5.27749013900757,94.91974877,Very-high,100.0,0
AZE,Azerbaijan,Baku,Asia,Western Asia,Northern,1,0,86600,1,0,0,0,0,0,0,Turkic,Upper middle income,25088.9993757134,Upper-middle,5.648,42.6119822379825,42.3163443805061,5.65717090005303,Industry-heavy,0.20778,2.21217188919901,10202830.0,Medium,122.854906231095,Moderate,0.480155257252915,58.573795837717,Mixed,1.43,Below-replacement,8.5557671289167,Maturing,74.576,High,12.5,4.27113533,3.66036009788513,90.43979645,Very-high,100.0,0
BDI,Burundi,Bujumbura,Africa,Eastern Africa,Southern,1,0,27834,1,0,0,0,0,0,0,Niger-Congo,Low income,1194.94681370387,Low,0.915,17.6555373481347,43.22195252649,34.9089728751407,Agriculture-significant,0.21312,20.2124925027847,14047786.0,Medium,533.078271028037,Very-dense,2.5839340108674,24.8302838651025,Rural,4.789,High,2.53180465590806,Young,63.818,Medium,30.5,9.09471226,4.87114173892375,8.595999718,Low,11.6,0
BEL,Belgium,Brussels,Europe,Western Europe,Northern,0,0,30528,1,1,1,1,0,0,0,Indo-European,High income,73514.4831045258,High,5.7,18.7357058631394,70.9861225353144,0.791636827597192,Service-dominant,3.27235,3.14349136500041,11858610.0,Medium,386.303731881682,Dense,0.66555918543206,87.6126557010527,Hyper-urban,1.44,Below-replacement,20.5580809256443,Super-aged,82.3,Very-high,3.1,10.80371571,6.27611017227173,95.77579144,Very-high,100.0,0
BEN,Benin,Porto-Novo,Africa,Western Africa,Northern,0,0,112622,1,0,0,0,0,0,0,Niger-Congo,Lower middle income,4434.5642184028,Low,1.637,17.3838276050023,48.8795399933978,24.2317229519649,Agriculture-significant,0.333915,1.16093089640415,14462724.0,Medium,125.142195814118,Moderate,2.46175361912328,52.5455354818423,Mixed,4.48,High,3.11814703786092,Young,60.961,Medium,45.2,3.33732462,3.22974322056608,33.98379898,Medium,57.0,1
BFA,Burkina Faso,Ouagadougou,Africa,Western Africa,Northern,1,0,272967,1,0,0,0,0,0,0,Niger-Congo,Low income,2895.89152033665,Low,3.441,26.5145073963928,43.9471331300685,20.9326147949123,Agriculture-significant,0.10477,4.19081721344523,23548781.0,Medium,84.1585380116959,Moderate,2.24597728439097,28.3352514896662,Rural,4.11,High,2.65177208111112,Young,61.292,Medium,43.6,7.79943228,5.32757840997187,28.25270081,Low,21.7,0
BGD,Bangladesh,Dhaka,Asia,Southern Asia,Northern,0,0,147570,1,0,0,0,0,1,0,Indo-European,Lower middle income,9646.76984383255,Lower-middle,3.635,34.0971743458877,51.4166555046575,11.1648014276903,Mixed,0.10461000000000001,10.4657482763412,173562364.0,Large,1319.17979689183,Very-dense,1.21462115417186,32.6783196323307,Mixed,2.138,Replacement,6.49846299627493,Maturing,74.93,High,24.4,2.17014575,2.0343847791384,53.42171316,Medium,99.5,1
BGR,Bulgaria,Sofia,Europe,Eastern Europe,Northern,0,0,110879,1,1,0,1,0,0,0,Indo-European,High income,41969.4515718999,High,4.2,21.1316956323365,63.7625806598714,2.35105625712058,Service-dominant,0.79224,2.44651943006078,6441421.0,Small,59.3827929255711,Moderate,-0.0803071609561488,73.9499356882481,Urban,1.72,Below-replacement,22.0303362606903,Super-aged,75.7609756097561,High,4.6,7.91853094,4.50109004974365,82.438955,High,100.0,0
BHR,Bahrain,Manama,Asia,Western Asia,Northern,0,1,765,1,0,0,0,0,0,0,Afro-Asiatic,High income,66941.2430367989,High,1.084,42.2903517348565,53.1861438651827,0.245503085002405,Industry-heavy,0.19327,0.919635459817651,1588670.0,Small,1971.32375,Very-dense,0.733546811160036,100.0,Hyper-urban,1.805,Below-replacement,3.85339957070368,Young,81.423,Very-high,7.3,3.99562383,1.88778167912993,100.0,Very-high,100.0,0
BHS,"Bahamas, The",Nassau,Americas,Caribbean,Northern,0,1,13943,1,0,0,0,0,1,0,Indo-European,High income,41197.9342548477,High,9.049,9.62558738820676,77.1859683694609,0.514754181193472,Service-dominant,0.39205,0.409162489083286,401283.0,Tiny,39.9040959040959,Moderate,0.460334786075668,81.3249262966481,Urban,1.374,Below-replacement,11.7758539484603,Mature,74.71,High,11.1,6.30260801,2.74191570247934,92.47270203,Very-high,100.0,1
BIH,Bosnia and Herzegovina,Sarajevo,Europe,Southern Europe,Northern,0,0,51209,1,0,0,0,0,0,0,Indo-European,Upper middle income,25043.0886396127,Upper-middle,10.69,22.4260971974355,56.5588566046908,4.53391375315725,Mixed,0.21437,1.69212733599723,3164253.0,Small,62.20845703125,Moderate,-0.655819991673837,52.1224302754935,Mixed,1.492,Below-replacement,22.2302388589029,Super-aged,78.044,Very-high,5.5,8.9216938,3.24564826597779,86.10091103,High,100.0,0
BLR,Belarus,Minsk,Europe,Eastern Europe,Northern,1,0,207600,1,0,0,0,0,0,0,Indo-European,Upper middle income,33010.3307605357,Upper-middle,3.458,30.7081725380272,49.6802343028905,6.86597984969187,Mixed,0.5872,5.78531910427998,9132629.0,Small,45.217077292187,Moderate,-0.49881794290787,79.1551015210848,Urban,1.217,Below-replacement,17.6665640538227,Aged,74.3653414634147,High,1.8,7.08167362,5.04593992233276,94.26182128,Very-high,100.0,0
BLZ,Belize,Belmopan,Americas,Central America,Northern,0,0,22966,1,0,0,0,0,1,0,Indo-European,Upper middle income,14346.5188049737,Lower-middle,8.698,14.5714201512027,62.4409630969452,7.94787809260727,Service-dominant,0.25372,3.28955985952768,417072.0,Tiny,18.0230600613766,Sparse,1.44077799785791,41.7532107338224,Mixed,2.021,Below-replacement,5.02383883818482,Maturing,73.739,High,10.8,4.14735794,4.62276317232973,80.00582262,High,99.6,1
BMU,Bermuda,Hamilton,Americas,Northern America,Northern,0,1,54,0,0,0,0,0,0,0,Indo-European,High income,124252.835702586,High,7.5725,4.63917441657433,91.4561682722087,0.192522835933524,Service-dominant,0.22546,2.501895833531155,64636.0,Tiny,1198.11111111111,Very-dense,-0.0958758017988935,100.0,Hyper-urban,1.405,Below-replacement,21.7439063068081,Super-aged,82.49,Very-high,9.1,7.19602823,1.86510440752276,98.37,Very-high,100.0,4
BOL,Bolivia,La Paz,Americas,South America,Southern,1,0,1098581,1,0,0,0,0,0,0,Indo-European,Lower middle income,12877.6351184372,Lower-middle,3.274,31.2590732889611,53.36246116287,8.82625884280481,Mixed,0.06308,5.09976568317427,12413315.0,Medium,11.3026483891812,Sparse,1.37206798819615,71.2361453773988,Urban,2.523,Replacement,5.64147449734418,Maturing,68.739,Medium,14.2,6.91864729,7.53980016708374,79.70469666,High,99.8,0
BRA,Brazil,Brasilia,Americas,South America,Southern,0,0,8515767,1,0,0,0,1,0,0,Indo-European,Upper middle income,22338.4765640635,Upper-middle,6.801,20.9406935313888,59.1707527174248,5.7522764094249,Mixed,1.1938,4.36746407652336,211998573.0,Mega,25.2616884857157,Sparse,0.405467027627251,87.8958549533146,Hyper-urban,1.614,Below-replacement,11.0491844889702,Mature,76.023,High,12.3,9.73092747,5.61920976638794,84.46347227,High,99.8,0
BRB,Barbados,Bridgetown,Americas,Caribbean,Northern,0,1,430,1,0,0,0,0,1,0,Indo-European,High income,24822.5343309908,Upper-middle,6.448,12.3572128753476,75.5343055861191,1.57507618647515,Service-dominant,0.39205,1.44643664306159,282467.0,Tiny,656.595348837209,Very-dense,0.0463878564204179,59.5397032429174,Mixed,1.708,Below-replacement,16.5502225919796,Aged,76.332,High,9.1,5.40463829,3.55593188106322,70.36470032,High,100.0,1
BRN,Brunei Darussalam,Bandar Seri Begawan,Asia,South-eastern Asia,Northern,0,0,5765,1,0,0,0,0,1,0,Austronesian,High income,89879.3614980758,High,5.18,61.6755225796828,38.9532912607223,1.17447674380916,Industry-heavy,0.27764,-0.38867416503646,462721.0,Tiny,87.0870967741936,Moderate,0.81851878860359,74.8983133873697,Urban,1.731,Below-replacement,6.8678459937565,Maturing,75.501,High,8.6,2.2286067,4.42539978027344,96.29828801,Very-high,100.0,0
BTN,Bhutan,Thimphu,Asia,Southern Asia,Northern,1,0,38394,1,0,0,0,0,0,0,Sino-Tibetan,Lower middle income,16215.1520073153,Upper-middle,3.282,29.4044714570934,52.7907800936768,14.9931086936318,Mixed,0.09979,2.76131569624097,791524.0,Tiny,20.6183796539067,Sparse,0.651370664586926,42.5645249803412,Mixed,1.449,Below-replacement,6.49423991297806,Maturing,73.262,High,13.7,4.41551638,5.84518003463745,91.27739716,Very-high,100.0,0
BWA,Botswana,Gaborone,Africa,Southern Africa,Southern,0,0,582000,1,0,0,0,0,1,0,Niger-Congo,Upper middle income,20538.1320178889,Upper-middle,23.81,29.3592759128261,63.4944869983258,1.71216219230959,Service-dominant,0.44395,2.81835131676251,2521139.0,Small,4.37641204806522,Sparse,1.63538411022867,67.4623537838418,Urban,2.703,Replacement,4.03589409389962,Young,69.293,Medium,32.1,6.25574684,8.05833660991541,57.45950036,Medium,76.0,1
CAF,Central African Republic,Bangui,Africa,Middle Africa,Northern,1,0,622984,1,0,0,0,0,0,0,Niger-Congo,Low income,1263.10234213699,Low,6.253,20.0334561668613,42.0803155255449,27.8986367879887,Agriculture-significant,0.21770499999999998,1.47733600718743,5330690.0,Small,8.27060419275097,Sparse,3.40139844069992,44.1243555638904,Mixed,5.954,Very-high,2.15107257700903,Young,57.671,Low,58.8,10.65553188,1.82995911310419,13.78250027,Low,17.6,1
CAN,Canada,Ottawa,Americas,Northern America,Northern,0,0,9984670,1,0,1,1,1,1,0,Indo-European,High income,64610.3795171971,High,6.351,25.3317475177596,66.3883076597889,1.59798786504057,Service-dominant,1.7908,2.38158383281173,41288599.0,Medium,4.56079784268436,Sparse,2.96220294420494,82.7002565766633,Urban,1.25,Below-replacement,19.7995907648324,Aged,82.1080487804878,Very-high,4.7,11.3095665,4.84426021575928,94.353302,Very-high,100.0,0
CHE,Switzerland,Bern,Europe,Western Europe,Northern,1,0,41284,1,0,1,0,0,0,0,Indo-European,High income,96497.6947971323,High,4.343,24.7247192539882,72.0298166155219,0.628699475474558,Service-dominant,3.22178,1.06234041976594,9005582.0,Small,224.978619136651,Dense,1.30500749907811,85.4615370020764,Hyper-urban,1.29,Below-replacement,20.0190518226838,Super-aged,84.4073170731707,Very-high,3.4,11.69096088,4.86427021026611,97.3443985,Very-high,100.0,0
CHI,Channel Islands,Saint Helier,Europe,Northern Europe,Northern,0,1,194,0,0,0,0,0,0,0,Indo-European,High income,62285.59280995445,High,6.031,8.22051703911843,91.1810100411747,0.59887341153067,Service-dominant,1.69491,2.593769093427775,168126.0,Tiny,842.126262626263,Very-dense,0.25906981677504,32.7056211227456,Mixed,1.37,Below-replacement,20.0299776060146,Super-aged,81.2,Very-high,2.95,8.44437313,4.56857490539551,94.11262592,Very-high,100.0,7
CHL,Chile,Santiago,Americas,South America,Southern,0,0,756102,1,0,1,0,0,0,0,Indo-European,High income,36181.156616977,High,8.718,30.0858422756464,56.0774691835569,3.91236351235161,Mixed,0.39205,4.29763891572524,19764771.0,Medium,26.4647249005172,Sparse,0.537425495656651,88.9950908479196,Hyper-urban,1.14,Below-replacement,14.1350862568788,Mature,81.359,Very-high,5.8,10.53092575,4.91201019287109,95.590243,Very-high,100.0,0
CHN,China,Beijing,Asia,Eastern Asia,Northern,0,0,9706961,1,0,0,0,1,0,0,Sino-Tibetan,Upper middle income,27104.8702677463,Upper-middle,4.59,36.4756594453045,56.7483417417827,6.77599881291286,Industry-heavy,2.57729,0.218128938439177,1408975000.0,Mega,150.264001337848,Dense,-0.123063407363995,65.8946980998325,Urban,1.013,Below-replacement,14.665268836569,Mature,78.017,Very-high,4.1,5.94388866,3.89714002609253,92.0,Very-high,100.0,0
CIV,Cote d'Ivoire,Yamoussoukro,Africa,Western Africa,Northern,0,0,322463,1,0,0,0,0,0,0,Niger-Congo,Lower middle income,7669.23195715687,Lower-middle,2.273,24.0438599104554,51.8581209074307,15.8594343780948,Agriculture-significant,0.06975,3.45053028131018,31934230.0,Medium,98.0052012578616,Moderate,2.43618201263834,53.9733113940142,Mixed,4.23,High,2.60896849556103,Young,62.11,Medium,44.8,3.43218303,3.61279988288879,41.43219902,Medium,72.4,0
CMR,Cameroon,Yaounde,Africa,Middle Africa,Northern,0,0,475442,1,0,0,0,0,1,0,Niger-Congo,Lower middle income,5588.98645861945,Lower-middle,3.603,23.2350957105105,50.7191439587575,18.4619478775351,Agriculture-significant,0.333915,4.53331349711606,29123744.0,Medium,60.0213386642973,Moderate,2.61268294319567,55.4031748609078,Mixed,4.261,High,2.79479868376124,Young,63.968,Medium,40.2,4.5545516,2.83907623667935,46.25880051,Medium,72.0,1
COD,"Congo, Dem. Rep.",Kinshasa,Africa,Middle Africa,Southern,0,0,2344858,1,0,0,0,0,0,0,Niger-Congo,Low income,1821.04868718058,Low,4.421,39.869084235537,46.5724593741029,9.63547904603754,Industry-heavy,0.40638,2.88585107289988,109276265.0,Large,46.6640484329856,Moderate,3.24257627586721,44.7455804408753,Mixed,5.981,Very-high,3.07557777105384,Young,62.074,Medium,56.4,3.68495083,2.84466514463005,19.67350006,Low,22.1,0
COG,"Congo, Rep.",Brazzaville,Africa,Middle Africa,Northern,0,0,342000,1,0,0,0,0,0,1,Niger-Congo,Lower middle income,7026.36223281494,Lower-middle,19.895,40.121557238814,45.0183730208308,9.44033974046224,Industry-heavy,0.38339,3.09143630919166,6332961.0,Small,18.1050805270864,Sparse,2.39829082784283,63.8866111699904,Urban,4.109,High,2.98559394254915,Young,66.001,Medium,27.0,3.29744148,3.34005209256916,47.25159836,Medium,51.3,0
COL,Colombia,Bogota,Americas,South America,Northern,0,0,1141748,1,0,1,0,0,0,0,Indo-European,Upper middle income,22349.436440123,Upper-middle,9.619,23.0607806747001,58.1429719176746,9.28279635992211,Mixed,0.2894,6.60908593728228,52886363.0,Large,47.1574150518251,Moderate,1.07447920962035,78.5210811866115,Urban,1.634,Below-replacement,9.77843560750778,Maturing,77.913,High,10.5,8.14139366,5.26166009902954,79.34543299,High,98.7,0
COM,Comoros,Moroni,Africa,Eastern Africa,Southern,0,1,1862,1,0,0,0,0,0,0,Afro-Asiatic,Lower middle income,3958.53228789687,Low,3.815,9.55716190941501,50.070252624186,36.6265029276374,Agriculture-significant,0.333915,5.05192609588218,866628.0,Tiny,456.951638903815,Dense,1.89182789744612,33.5392215673301,Mixed,3.822,High,4.47216106564754,Young,67.023,Medium,35.0,6.55212021,2.34146896682989,32.51750183,Medium,89.8,1
CPV,Cabo Verde,Praia,Africa,Western Africa,Northern,0,1,4033,1,0,0,0,0,0,0,Niger-Congo,Upper middle income,11195.1205312923,Lower-middle,11.883,10.6673986664263,68.7245545404623,4.91558593625836,Service-dominant,0.44395,1.0481698336865,524877.0,Tiny,129.610669975186,Moderate,0.486246288487151,76.7721471004354,Urban,1.511,Below-replacement,6.85817820175012,Maturing,76.224,High,10.6,5.84791613,4.3482854136693,74.73519897,High,98.6,1
CRI,Costa Rica,San Jose,Americas,Central America,Northern,0,0,51100,1,0,1,0,0,0,0,Indo-European,High income,31106.7643556729,Upper-middle,6.936,19.7069225452506,68.7833462139086,3.56242614167823,Service-dominant,0.33738,-0.412853001047069,5129910.0,Small,99.9906972189581,Moderate,0.476482848761595,79.3107672397967,Urban,1.318,Below-replacement,12.2251559968888,Mature,80.996,Very-high,9.1,6.8663702,5.31208992004395,87.17019653,High,100.0,0
CUB,Cuba,Havana,Americas,Caribbean,Northern,0,1,109884,1,0,0,0,0,0,0,Indo-European,Upper middle income,21272.0800673662,Upper-middle,1.755,23.8481550383595,73.391823647738,1.23974637193497,Service-dominant,0.43839,3.30223338951227,10979783.0,Medium,106.165038535645,Moderate,-0.364986968189241,77.1664929228275,Urban,1.445,Below-replacement,16.5690797350002,Aged,78.264,Very-high,6.8,9.38383102,8.44086351669284,70.47699738,High,100.0,2
CUW,Curacao,Willemstad,Americas,Caribbean,Northern,0,1,444,0,0,0,0,0,0,0,Indo-European,High income,32693.2939764893,Upper-middle,7.5725,12.1862862941161,72.2960491757024,0.278843714536945,Service-dominant,0.39205,2.62220783425058,155967.0,Tiny,348.31981981982,Dense,0.845408275786684,91.4321812441765,Hyper-urban,1.4,Below-replacement,16.7817275577349,Aged,76.989,High,9.1,7.19602823,5.44313725490196,68.1272162511339,Medium,100.0,4
CYM,Cayman Islands,George Town,Americas,Caribbean,Northern,0,1,264,0,0,0,0,0,0,0,Indo-European,High income,88427.7866712691,High,7.5725,7.84424780332668,85.9839412268875,0.415554016813388,Service-dominant,0.39205,-0.62525835861814,74457.0,Tiny,304.325,Dense,1.92419238887509,100.0,Hyper-urban,1.525,Below-replacement,8.99775039452036,Maturing,80.54,Very-high,9.1,7.19602823,1.57024002075195,81.0676932508161,High,100.0,4
CYP,Cyprus,Nicosia,Asia,Western Asia,Northern,0,1,9251,1,1,0,0,0,1,0,Indo-European,High income,63006.61328125,High,4.9,11.1357928688814,76.4769046707826,1.15512812146527,Service-dominant,0.68145,1.80023018624815,1358282.0,Small,145.560173160173,Moderate,0.984449687113221,66.6824259192483,Urban,1.38,Below-replacement,14.616184268068,Mature,81.821,Very-high,4.1,8.11912918,4.74210977554321,89.60099246,High,100.0,0
CZE,Czechia,Prague,Europe,Eastern Europe,Northern,1,0,78865,1,1,1,1,0,0,0,Indo-European,High income,57285.4237001379,High,2.6,29.2098380644386,60.1721452763251,1.89923535118143,Service-dominant,1.83369,2.43531202435314,10905028.0,Medium,140.785547662605,Moderate,0.376553049157494,72.7947984592185,Urban,1.36,Below-replacement,20.8453836809891,Super-aged,79.9780487804878,Very-high,2.1,8.50710297,4.30291986465454,87.68776014,High,100.0,0
DEU,Germany,Berlin,Europe,Western Europe,Northern,0,0,357114,1,1,1,1,1,0,0,Indo-European,High income,73551.9347696836,High,3.4,25.6229541900267,64.0456505820091,0.914397651173374,Service-dominant,3.1539,2.2564981433876,83516593.0,Large,238.351810090719,Dense,0.274957829184881,82.0211432579125,Urban,1.36,Below-replacement,23.1955871731941,Super-aged,80.7926829268293,Very-high,3.1,12.26655293,5.23916006088257,93.49999579,Very-high,100.0,0
DJI,Djibouti,Djibouti,Africa,Eastern Africa,Northern,0,0,23200,1,0,0,0,0,0,0,Afro-Asiatic,Lower middle income,7810.27869066792,Lower-middle,26.007,15.913892950777,76.0847593876274,2.5119476858486,Service-dominant,0.333915,2.1120116728497,1168722.0,Small,49.7387402933563,Moderate,1.3592172957681,72.9052635052978,Urban,2.618,Replacement,4.85081139911801,Young,66.202,Medium,43.0,2.28316021,3.75143003463745,65.29889679,Medium,65.2,1
DMA,Dominica,Roseau,Americas,Caribbean,Northern,0,1,751,1,0,0,0,0,1,0,Indo-European,Upper middle income,21300.6848698089,Upper-middle,5.4990000000000006,13.8759556554372,56.9414724889515,12.2243249927419,Mixed,0.25372,2.56921890367725,66205.0,Tiny,88.68,Moderate,-0.459632350460969,73.5449839980866,Urban,1.48,Below-replacement,12.9559700928933,Mature,71.294,High,33.3,5.00757647,5.38572189060925,82.04689789,High,100.0,2
DNK,Denmark,Copenhagen,Europe,Northern Europe,Northern,0,0,43094,1,1,1,1,0,0,0,Indo-European,High income,81878.2349849181,High,5.358,24.1417253330521,63.5495635161649,0.927722262099888,Service-dominant,3.04841,1.37220049768925,5976992.0,Small,148.6738,Moderate,0.503861198167737,88.6960552688405,Hyper-urban,1.47,Below-replacement,20.8660704666167,Super-aged,82.2536585365854,Very-high,3.5,9.38812923,6.35586023330688,99.76915157,Very-high,100.0,0
DOM,Dominican Republic,Santo Domingo,Americas,Caribbean,Northern,0,1,48671,1,0,0,0,0,0,0,Indo-European,Upper middle income,27541.6625283384,Upper-middle,5.312,28.724388436827,59.8121925635257,4.45398448187972,Mixed,0.25372,3.30223338951227,11427557.0,Medium,235.098143035751,Dense,0.846199988604412,72.4121874752151,Urban,2.222,Replacement,7.87947502690208,Maturing,73.868,High,27.7,4.59880495,3.7606477375256,91.0022446,Very-high,99.6,1
DZA,Algeria,Algiers,Africa,Northern Africa,Northern,0,0,2381741,1,0,0,0,0,0,1,Afro-Asiatic,Upper middle income,17620.7423956126,Upper-middle,11.655,36.1956789537864,46.7949847002474,13.9597061505767,Industry-heavy,0.44395,4.04611455313434,46814308.0,Medium,19.3825602290762,Sparse,1.39838651912702,75.2792907190618,Urban,2.723,Replacement,6.58221207266603,Maturing,76.475,High,19.5,4.35082531,8.97772026062012,77.4178009,High,100.0,0
ECU,Ecuador,Quito,Americas,South America,Northern,0,0,276841,1,0,0,0,0,0,0,Indo-European,Upper middle income,15840.2668567412,Upper-middle,3.453,26.5126558399741,57.156644024501,9.47610095074641,Mixed,0.25372,1.54732515615369,18135478.0,Medium,72.3952448059269,Moderate,0.860548498593581,63.2376932397602,Urban,1.806,Below-replacement,8.34399866229053,Maturing,77.579,High,10.9,7.56167889,3.69074988365173,77.17273115,High,98.7,1
EGY,"Egypt, Arab Rep.",Cairo,Africa,Northern Africa,Northern,0,0,1002450,1,0,0,0,0,0,0,Afro-Asiatic,Lower middle income,19094.1449444111,Upper-middle,6.817,32.5624789967949,48.932455490468,13.7121128792805,Mixed,1.01757,28.2705899322082,116538258.0,Large,115.059291777588,Moderate,1.73324205302065,42.8004363938404,Mixed,2.735,Replacement,5.11629539338187,Maturing,71.806,High,20.8,4.88449335,3.68211495876312,74.64839935,High,100.0,1
ERI,Eritrea,Asmara,Africa,Eastern Africa,Northern,0,0,117600,1,0,0,0,0,0,0,Afro-Asiatic,Low income,2082.874607309785,Low,5.947,22.652179108455,43.9471331300685,25.1764811733064,Agriculture-significant,0.21770499999999998,7.61335784313723,3535603.0,Small,28.638732049164,Sparse,1.86168851424672,34.5365524291992,Mixed,3.68,High,4.20287571879535,Young,68.893,Medium,24.7,3.6837678,2.946184505782845,14.34939957,Low,54.4,7
ESP,Spain,Madrid,Europe,Southern Europe,Northern,0,0,505992,1,1,1,1,0,0,0,Indo-European,High income,57965.2948138837,High,11.4,19.4537517327028,68.9025484059134,2.75300596488807,Service-dominant,1.49362,2.77417826534772,48848840.0,Medium,96.7636173412149,Moderate,1.02121260938381,80.315199821207,Urban,1.1,Below-replacement,21.1454438932121,Super-aged,83.8878048780488,Very-high,2.6,9.2206583,4.58553981781006,95.7574516,Very-high,100.0,0
EST,Estonia,Tallinn,Europe,Northern Europe,Northern,0,0,45227,1,1,1,1,0,0,0,Uralic,High income,49968.7108278373,High,7.6,20.148164473251,65.6971144966199,1.76684782957851,Service-dominant,1.83878,3.5194118998392,1372341.0,Small,32.0684764802247,Moderate,0.149856351926424,70.6981161541961,Urban,1.18,Below-replacement,21.2973321004949,Super-aged,79.2951219512195,Very-high,1.5,7.83648062,5.20733976364136,92.23796204,Very-high,100.0,0
FIN,Finland,Helsinki,Europe,Northern Europe,Northern,0,0,338455,1,1,1,1,0,0,0,Uralic,High income,65378.3841859721,High,8.4,22.7842138257665,62.2144997698967,2.46735975474973,Service-dominant,3.0938,1.56568906231615,5619911.0,Small,18.3705454665088,Sparse,0.642640054363343,74.2637190463636,Urban,1.25,Below-replacement,23.8972369428395,Super-aged,82.3365853658537,Very-high,1.9,10.47389507,6.37578010559082,93.72405196,Very-high,100.0,0
FJI,Fiji,Suva,Oceania,Melanesia,Southern,0,1,18272,1,0,0,0,0,1,0,Austronesian,Upper middle income,15450.2993265388,Upper-middle,5.361,16.4638965835642,54.5684210526316,13.190027700831,Mixed,1.54848,3.89084237884105,928784.0,Tiny,50.5826491516147,Moderate,0.500721796949901,59.0766602292457,Mixed,2.27,Replacement,6.48697651983669,Maturing,67.463,Medium,23.5,3.61524153,4.24679790890603,74.7052002,High,99.3,1
FRA,France,Paris,Europe,Western Europe,Northern,0,0,543908,1,1,1,1,1,0,0,Indo-European,High income,62556.91810454,High,7.4,17.2101481972036,70.9141844211851,1.29979455802577,Service-dominant,2.17832,1.99904942291462,68551653.0,Large,126.862020595603,Moderate,0.261995241898747,78.7999750964116,Urban,1.61,Below-replacement,22.1465618989138,Super-aged,82.9804878048781,Very-high,3.4,11.53530598,5.32434988021851,88.65381638,High,100.0,0
FRO,Faroe Islands,Torshavn,Europe,Northern Europe,Northern,0,1,1393,0,0,0,0,0,0,0,Indo-European,High income,81908.7781785018,High,5.25,18.2998185585605,53.8269113084182,16.0666931492436,Agriculture-significant,1.69491,2.593769093427775,54681.0,Tiny,39.7182481751825,Moderate,0.489482621742025,39.4132325882965,Mixed,1.9129,Below-replacement,17.7375247069017,Aged,83.0832463414634,Very-high,2.95,8.44437313,4.56857490539551,97.5819589384468,Very-high,100.0,6
FSM,"Micronesia, Fed. Sts.",Palikir,Oceania,Micronesia,Northern,0,1,702,1,0,0,0,0,0,0,Austronesian,Lower middle income,4346.84249671875,Low,2.625,4.99334889583356,67.9119759103304,22.789770870607,Agriculture-significant,0.03158,5.40874375479067,113160.0,Tiny,160.9,Dense,0.469463637376133,22.4562830235421,Rural,2.743,Replacement,5.94951418560363,Maturing,67.357,Medium,20.3,12.88087559,11.5591397849462,39.52360153,Medium,86.9,2
GAB,Gabon,Libreville,Africa,Middle Africa,Northern,0,0,267668,1,0,0,0,0,1,1,Niger-Congo,Upper middle income,21510.1725307344,Upper-middle,20.091,52.9002411654134,36.8219109135811,6.55914438063524,Industry-heavy,0.44395,1.17311998381218,2538952.0,Small,9.64329956921644,Sparse,2.15636509762581,91.8632094677575,Hyper-urban,3.592,High,4.08255139966242,Young,68.511,Medium,25.9,3.13430715,2.31594287726056,68.72090149,Medium,94.1,1
GBR,United Kingdom,London,Europe,Northern Europe,Northern,0,1,244376,1,0,1,1,1,1,0,Indo-European,High income,62009.4907765366,High,4.361,17.1246523065486,72.4462431770253,0.638070794582258,Service-dominant,2.67614,3.2715729463592,69226000.0,Large,283.106683751498,Dense,1.0659564474212,83.2429544416085,Urban,1.551,Below-replacement,19.4997673608515,Aged,81.3868536585366,Very-high,4.1,11.133358,5.90681982040405,95.4720993,Very-high,100.0,0
GEO,Georgia,Tbilisi,Asia,Western Asia,Northern,0,0,69700,1,0,0,0,0,0,0,Kartvelian,Upper middle income,28285.0732802982,Upper-middle,11.557,19.5837398345335,61.9845889346039,5.48544272121412,Service-dominant,0.26435,1.10971758022096,3699557.0,Small,65.0037265124742,Moderate,-0.429560042538271,61.0789605093733,Urban,1.802,Below-replacement,15.6376865642243,Aged,74.657,High,7.5,6.85758877,3.98011682083814,83.79855689,High,100.0,0
GHA,Ghana,Accra,Africa,Western Africa,Northern,0,0,238533,1,0,0,0,0,1,0,Niger-Congo,Lower middle income,8019.99702389611,Lower-middle,2.82,31.519769781916,40.9369495390296,20.8867457674884,Agriculture-significant,0.333915,22.8483281157842,34427414.0,Medium,148.49676310689,Moderate,1.87500010333119,58.3654868038581,Mixed,3.344,High,3.70833260535242,Young,65.695,Medium,27.5,2.94686937,2.90963831638452,72.17569733,High,89.5,1
GIN,Guinea,Conakry,Africa,Western Africa,Northern,0,0,245857,1,0,0,0,0,0,0,Niger-Congo,Lower middle income,4565.3007888456,Low,5.132,25.1163848517075,36.3402000064846,30.9605751418076,Agriculture-significant,0.333915,8.12313914948596,14754785.0,Medium,58.6255412664822,Moderate,2.39595802290484,38.0713036688655,Mixed,4.131,High,3.45511630785822,Young,60.904,Medium,59.8,3.69442987,1.72470879088585,33.30469894,Medium,51.1,1
GMB,"Gambia, The",Banjul,Africa,Western Africa,Northern,0,0,10689,1,0,0,0,0,1,0,Niger-Congo,Low income,3475.61245701341,Low,6.48,15.3332836096686,56.7898192312049,20.4335632419718,Agriculture-significant,0.06933,11.5610532897511,2759988.0,Small,266.5854743083,Dense,2.27730257212036,64.2994103409645,Urban,3.907,High,3.07823857897907,Young,66.057,Medium,32.7,2.89250112,2.80838156544977,49.49430084,Medium,66.9,0
GNB,Guinea-Bissau,Bissau,Africa,Western Africa,Northern,0,0,36125,1,0,0,0,0,0,0,Niger-Congo,Low income,3119.37157047437,Low,2.647,15.6143788633346,37.8848107222008,42.1674326567232,Agriculture-significant,0.21770499999999998,3.76555825770114,2201352.0,Small,76.5767780938834,Moderate,2.20520563612008,46.113204421822,Mixed,3.757,High,3.191856640828,Young,64.254,Medium,42.1,8.82204819,2.946184505782845,29.77739906,Low,40.5,2
GNQ,Equatorial Guinea,Malabo,Africa,Middle Africa,Northern,0,0,28051,1,0,0,0,0,0,1,Niger-Congo,Upper middle income,17566.7600284073,Upper-middle,8.293,45.7526505675476,51.0975150164696,3.14907045947484,Industry-heavy,0.44395,2.92140227309103,1892516.0,Small,65.8662745098039,Moderate,2.40472649031131,71.3574028749806,Urban,4.116,High,3.68789387041011,Young,63.906,Medium,47.6,3.49941635,5.184692728959895,63.29930115,Medium,66.9,2
GRC,Greece,Athens,Europe,Southern Europe,Northern,0,0,131990,1,1,1,1,0,0,0,Indo-European,High income,44327.2097808276,High,10.02,14.9985220031197,68.0104871945665,3.765512541308,Service-dominant,1.4943,2.74101875679477,10405134.0,Medium,80.7397284716835,Moderate,-0.0213045199396999,78.9967856500534,Urban,1.24,Below-replacement,23.939763430194,Super-aged,81.8390243902439,Very-high,3.2,8.39367008,3.37547993659973,86.26968886,High,100.0,0
GRD,Grenada,Saint George's,Americas,Caribbean,Northern,0,1,344,1,0,0,0,0,1,0,Indo-European,Upper middle income,20177.8094927386,Upper-middle,5.4990000000000006,15.162330124346,65.7100896824668,2.94694102338439,Service-dominant,0.25372,1.08615365134737,117207.0,Tiny,344.355882352941,Dense,0.107559936614412,36.5628000454229,Mixed,1.472,Below-replacement,12.2394044749696,Mature,75.367,High,16.4,4.65330839,5.12544845968893,70.16159821,High,94.4,2
GRL,Greenland,Nuuk,Americas,Northern America,Northern,0,1,2166086,0,0,0,0,0,0,0,Eskimo-Aleut,High income,78840.5978395988,High,7.5725,18.4467840952227,60.9876564756598,16.5579499888738,Agriculture-significant,0.39205,2.501895833531155,56836.0,Tiny,0.138543062492386,Sparse,-0.0510109860579076,88.3195347935238,Hyper-urban,1.706,Below-replacement,10.8086569543065,Mature,70.2734146341463,High,9.1,7.19602823,3.587244718715085,69.4824617821988,Medium,100.0,6
GTM,Guatemala,Guatemala City,Americas,Central America,Northern,0,0,108889,1,0,0,0,0,0,0,Indo-European,Upper middle income,14368.6605681815,Lower-middle,2.613,21.7347298279081,61.839861654601,9.7799315643005,Service-dominant,0.00609,2.86992752918294,18406359.0,Medium,169.138092571855,Dense,1.54129399660934,55.9547027274763,Mixed,2.287,Replacement,4.84933494994855,Young,72.746,High,17.2,6.80241346,3.07588005065918,60.22140121,Medium,100.0,0
GUY,Guyana,Georgetown,Americas,South America,Northern,0,0,214969,1,0,0,0,0,1,0,Indo-European,High income,80155.03939277,High,11.874,76.0337794804727,14.4608458483035,7.62253326656522,Industry-heavy,0.39205,2.90395226446373,831087.0,Tiny,3.91376811594203,Sparse,0.571243951310838,26.477717988557,Rural,2.395,Replacement,6.73491868776595,Maturing,70.319,High,23.2,2.46673751,4.45058012008667,83.00080109,High,98.9,1
HKG,"Hong Kong SAR, China",Hong Kong,Asia,Eastern Asia,Northern,0,0,1104,0,0,0,0,0,0,0,Sino-Tibetan,High income,75195.9865970615,High,2.988,6.19613151610629,91.7510158754355,0.0374477102095245,Service-dominant,1.12597,1.72972119105914,7524100.0,Small,7177.2380952381,Very-dense,-0.159360467186035,100.0,Hyper-urban,0.841,Below-replacement,22.6671478593232,Super-aged,85.3926829268293,Very-high,4.4,4.96703553,3.80552005767822,95.75536971,Very-high,100.0,2
HND,Honduras,Tegucigalpa,Americas,Central America,Northern,0,0,112492,1,0,0,0,0,0,0,Indo-European,Lower middle income,7486.01869616445,Lower-middle,4.91,26.1259397552196,58.4090033001636,11.2186537185053,Mixed,0.05997,4.60621098127107,10825703.0,Medium,95.1367503798373,Moderate,1.68469129774697,58.7850728104829,Mixed,2.476,Replacement,4.41772213694935,Young,73.044,High,12.8,7.70976162,4.54962037172702,58.62269974,Medium,95.6,0
HRV,Croatia,Zagreb,Europe,Southern Europe,Northern,0,0,56594,1,1,0,1,0,0,0,Indo-European,High income,49550.7921506017,High,5.0,19.1915825783267,60.8374324880176,2.89588951437996,Service-dominant,1.38621,2.97200477643618,3866200.0,Small,68.9722301644031,Moderate,0.168627948783285,57.5158981711443,Mixed,1.46,Below-replacement,23.1877713482095,Super-aged,78.9292682926829,Very-high,4.1,7.14699411,4.0916600227356,83.63240029,High,100.0,0
HTI,Haiti,Port-au-Prince,Americas,Caribbean,Northern,0,1,27750,1,0,0,0,0,0,0,Creole,Lower middle income,3193.67136419915,Low,14.609,33.3589256118432,48.3129615585975,15.8601607482058,Agriculture-significant,0.06308,26.9490564091987,11772557.0,Medium,422.256821480406,Dense,1.15472671204546,55.0372652481002,Mixed,2.625,Replacement,4.70521824612954,Young,65.119,Medium,39.0,3.19156528,0.964648012977964,47.8614006,Medium,51.3,1
HUN,Hungary,Budapest,Europe,Eastern Europe,Northern,1,0,93028,1,1,1,1,0,0,0,Uralic,High income,48552.4708092529,High,4.5,23.693891331248,59.5231534203363,2.71112134044753,Mixed,1.37748,3.70370370370369,9562065.0,Small,105.108327854482,Moderate,-0.314510077464087,70.491825943218,Urban,1.41,Below-replacement,20.9931972318078,Super-aged,76.7243902439025,High,3.1,6.36868954,3.8011999130249,93.77898628,Very-high,100.0,0
IDN,Indonesia,Jakarta,Asia,South-eastern Asia,Southern,0,1,1904569,1,0,0,0,1,0,0,Austronesian,Upper middle income,16448.2755179559,Upper-middle,3.301,39.3184857249869,43.7719167888796,12.6086658797584,Industry-heavy,0.28068,2.18151273615189,283487931.0,Mega,148.57692229227,Moderate,0.813871513351669,58.7509635387997,Mixed,2.115,Replacement,7.28860130431549,Maturing,71.288,High,15.2,2.70239949,1.27517088245674,72.78075544,High,99.4,0
IMN,Isle of Man,Douglas,Europe,Northern Europe,Northern,0,1,572,0,0,0,0,0,0,0,Indo-European,High income,62285.59280995445,High,5.25,6.93646402700019,95.1498044284005,0.372466783015541,Service-dominant,1.69491,2.593769093427775,84160.0,Tiny,147.657894736842,Moderate,-0.00594088816452728,52.1633405796294,Mixed,1.544,Below-replacement,23.1527854516073,Super-aged,81.091,Very-high,2.95,8.44437313,4.56857490539551,94.11262592,Very-high,100.0,8
IND,India,New Delhi,Asia,Southern Asia,Northern,0,0,3287263,1,0,0,0,1,1,0,Indo-European,Lower middle income,11159.9856476091,Lower-middle,4.173,24.6285041297852,49.874440225505,16.2854335605917,Agriculture-significant,0.64558,4.95303550973656,1450935791.0,Mega,483.679010086809,Dense,0.890706546985984,35.3788972368389,Mixed,1.962,Below-replacement,7.14651714039908,Maturing,72.235,High,23.3,3.33944035,4.09865814174589,64.9434967,Medium,99.5,0
IRL,Ireland,Dublin,Europe,Northern Europe,Northern,0,1,70273,1,1,1,0,0,0,0,Indo-European,High income,133437.470117019,High,4.3,33.6325795420542,60.5635643631863,1.02114448018423,Service-dominant,1.58829,2.11344999577317,5395790.0,Small,77.1017273914937,Moderate,1.57375843711631,64.3470379255585,Urban,1.47,Below-replacement,15.8920783803289,Aged,83.009756097561,Very-high,3.4,6.85410833,2.90461993217468,97.18769836,Very-high,100.0,0
IRN,"Iran, Islamic Rep.",Tehran,Asia,Southern Asia,Northern,0,0,1648195,1,0,0,0,0,0,1,Indo-European,Upper middle income,19873.8860853805,Upper-middle,8.146,36.0697232843721,49.7874655706935,10.8003685937198,Industry-heavy,0.72665,32.455871402917,91567738.0,Large,55.8451198767334,Moderate,1.05286922170537,77.0201263427734,Urban,1.684,Below-replacement,8.23901267627149,Maturing,77.854,High,10.3,6.02542305,2.82443290958712,85.3404007,High,100.0,0
IRQ,Iraq,Baghdad,Asia,Western Asia,Northern,0,0,438317,1,0,0,0,0,0,1,Afro-Asiatic,Upper middle income,14464.3186928173,Lower-middle,15.293,51.5717701751509,45.76618170304,3.39457505861722,Industry-heavy,0.0407,-12.2969837587007,46042015.0,Medium,103.826155759795,Moderate,2.12476784890538,69.8861494108913,Urban,3.221,High,3.41438792372575,Young,72.424,High,20.1,5.53275251,3.66036009788513,81.47450256,High,100.0,1
ISL,Iceland,Reykjavik,Europe,Northern Europe,Northern,0,1,103000,1,0,1,1,0,0,0,Indo-European,High income,84256.8454573112,High,3.6,20.0940830059377,64.8920846344191,3.98201137564491,Service-dominant,2.64005,5.85683849970066,386506.0,Tiny,3.82488346722206,Sparse,0.218346070592545,94.1819039916522,Hyper-urban,1.56,Below-replacement,15.6448154592516,Aged,82.809756097561,Very-high,2.1,8.98358727,7.30798006057739,98.209198,Very-high,100.0,0
ISR,Israel,Jerusalem,Asia,Western Asia,Northern,0,0,21937,1,0,1,0,0,0,0,Afro-Asiatic,High income,57235.7763244136,High,3.595,17.3458552066585,72.5367368776929,1.28207722826492,Service-dominant,6.34589,3.07480889805025,9974400.0,Small,455.129390018484,Dense,1.26518834033156,91.536188843818,Hyper-urban,2.87,Replacement,12.5526937672772,Mature,83.1975609756098,Very-high,2.7,7.09822369,5.93291997909546,88.18242225,High,100.0,0
ITA,Italy,Rome,Europe,Southern Europe,Northern,0,0,301336,1,1,1,1,1,0,0,Indo-European,High income,62014.2675153689,High,6.5,22.3316588315233,65.0483624576143,1.99727734716288,Service-dominant,1.37935,0.982373023061417,58952704.0,Large,199.459678073854,Dense,-0.0534387378437725,69.6047535143071,Urban,1.18,Below-replacement,24.624776723376,Super-aged,83.9512195121951,Very-high,2.3,8.44437313,4.06775999069214,89.2207202,High,100.0,0
JAM,Jamaica,Kingston,Americas,Caribbean,Northern,0,1,10991,1,0,0,0,0,1,0,Indo-European,Upper middle income,12890.2660051472,Lower-middle,3.151,16.4757796489003,59.9583265823094,7.96876352019587,Mixed,0.25372,5.41194447981659,2839175.0,Small,262.214773776547,Dense,-0.0215180207209529,58.9301585439922,Mixed,1.351,Below-replacement,8.20960314175773,Maturing,71.606,High,16.4,7.60493946,5.51383018493652,90.10870361,Very-high,97.7,1
JOR,Jordan,Amman,Asia,Western Asia,Northern,0,0,89342,1,0,0,0,0,0,0,Afro-Asiatic,Lower middle income,10821.4909765317,Lower-middle,16.693,25.1350172397528,60.3920761551012,5.06726012545217,Service-dominant,0.69547,1.55659611283953,11552876.0,Medium,128.828670856139,Moderate,0.988722042141178,92.9501393764286,Hyper-urban,2.604,Replacement,4.52316375593402,Young,77.981,High,12.0,7.66000605,3.23356008529663,95.62244985,Very-high,100.0,0
JPN,Japan,Tokyo,Asia,Eastern Asia,Northern,0,1,377930,1,0,1,0,1,0,0,Japonic,High income,52039.1716551611,High,2.5,28.6021835997719,69.7727958101915,0.937452748505902,Service-dominant,3.44125,2.73853681635241,123975371.0,Large,341.54455749932,Dense,-0.435651699326323,92.1901718034531,Hyper-urban,1.15,Below-replacement,29.7807703973917,Super-aged,84.0363414634146,Very-high,1.8,10.73979473,3.33663988113403,85.54153081,High,100.0,0
KAZ,Kazakhstan,Astana,Asia,Central Asia,Northern,1,0,2724900,1,0,0,0,0,0,0,Turkic,Upper middle income,40890.9317694408,High,4.833,32.112807813811,57.9427973400804,3.88229151651226,Mixed,0.16242,8.69082156104494,20592571.0,Medium,7.53050487091158,Sparse,1.28276364646616,62.072531584162,Urban,2.984,Replacement,8.65323470294214,Maturing,74.531,High,7.4,3.76701546,4.86469984054565,93.39167254,Very-high,100.0,0
KEN,Kenya,Nairobi,Africa,Eastern Africa,Northern,0,0,580367,1,0,0,0,0,1,0,Niger-Congo,Lower middle income,6644.13093243895,Lower-middle,5.487,16.4676669412723,55.3035358055896,22.4728462758555,Agriculture-significant,0.81069,4.48978854243448,56432944.0,Large,95.2681371231706,Moderate,1.95751431565234,31.8937831721599,Mixed,3.167,High,2.96616899017204,Young,63.834,Medium,34.2,4.35172892,4.02242346098974,34.97622513,Medium,76.2,0
KGZ,Kyrgyz Republic,Bishkek,Asia,Central Asia,Northern,1,0,199951,1,0,0,0,0,0,0,Turkic,Lower middle income,8012.45464442194,Lower-middle,3.491,24.7426957796029,52.1398197179977,8.60760362906387,Mixed,0.05269,4.99760701207323,7221868.0,Small,37.0164233576642,Moderate,1.70540730430368,34.7219977865937,Mixed,2.6,Replacement,5.68194389959712,Maturing,72.4,High,14.8,4.50344467,6.82694680798777,92.0286026,Very-high,100.0,0
KHM,Cambodia,Phnom Penh,Asia,South-eastern Asia,Northern,0,0,181035,1,0,0,0,0,0,0,Austroasiatic,Lower middle income,7966.87352428705,Lower-middle,0.254,41.7506561774631,35.5947222438947,16.576872609135,Agriculture-significant,0.08828,0.808042016536654,17638801.0,Medium,98.7076818490823,Moderate,1.22593986324555,40.8727033252729,Mixed,2.548,Replacement,6.16370427229448,Maturing,70.817,High,16.4,4.61706829,2.1809128340295,68.47530365,Medium,95.0,0
KIR,Kiribati,Tarawa,Oceania,Micronesia,Northern,0,1,811,1,0,0,0,0,1,0,Austronesian,Lower middle income,3702.32594703115,Low,2.625,11.4550652843384,67.1060228718493,27.1870061420609,Agriculture-significant,0.03158,2.45545072159028,134518.0,Tiny,163.617283950617,Dense,1.48889841912877,62.4620431275642,Urban,3.124,High,4.23660774022807,Young,66.6,Medium,38.8,10.94525623,16.39053,89.44029999,High,95.9,2
KNA,St. Kitts and Nevis,Basseterre,Americas,Caribbean,Northern,0,1,261,1,0,0,0,0,1,0,Indo-European,High income,34846.6035342828,Upper-middle,7.5725,20.8513587091026,66.1311026415219,1.28792753551453,Service-dominant,0.39205,3.55711230848243,46843.0,Tiny,179.838461538462,Dense,0.181622041143753,31.795061903951,Mixed,1.526,Below-replacement,11.2257968106227,Mature,72.281,High,13.9,5.73595428,3.49726171629099,76.88400269,High,100.0,2
KOR,"Korea, Rep.",Seoul,Asia,Eastern Asia,Northern,0,0,100210,1,0,1,0,1,0,0,Koreanic,High income,61051.3492502498,High,2.784,33.9025438024037,57.5005082410932,1.45825105459538,Mixed,4.94352,2.32174328643542,51751065.0,Large,529.842407786885,Very-dense,0.0743178674548815,81.1682528469686,Urban,0.748,Below-replacement,19.2735131316057,Aged,83.6292682926829,Very-high,2.3,8.67656994,5.40910005569458,97.89563777,Very-high,100.0,0
KWT,Kuwait,Kuwait City,Asia,Western Asia,Northern,0,0,17818,1,0,0,0,0,0,1,Afro-Asiatic,High income,52443.5969223626,High,2.151,57.1268652520388,55.8544139729526,0.492980678536301,Industry-heavy,0.08954,2.89855072463762,4897263.0,Small,272.358024691358,Dense,0.899286654502241,100.0,Hyper-urban,1.56,Below-replacement,3.1048387301063,Young,84.580487804878,Very-high,7.0,4.96311998,6.43592667889685,99.74729919,Very-high,100.0,0
LAO,Lao PDR,Vientiane,Asia,South-eastern Asia,Northern,1,0,236800,1,0,0,0,0,0,0,Tai-Kadai,Lower middle income,9775.82817381023,Lower-middle,1.174,29.0463781785597,43.534650358474,16.771883812878,Agriculture-significant,0.10461000000000001,23.1305695942588,7769819.0,Small,33.2105415944541,Moderate,1.35832703035837,39.5552154401406,Mixed,2.397,Replacement,4.66578436383138,Young,69.225,Medium,27.2,1.32651615,1.23375160355741,65.59269714,Medium,96.5,1
LBN,Lebanon,Beirut,Asia,Western Asia,Northern,0,0,10452,1,0,0,0,0,0,0,Afro-Asiatic,Lower middle income,12574.8329116403,Lower-middle,10.985,2.0863020184691,42.3804623372256,0.966455367369224,Mixed,0.10461000000000001,45.2430422716718,5805962.0,Small,564.368817204301,Very-dense,0.560805065461567,90.703695784554,Hyper-urban,2.227,Replacement,10.1385877257367,Mature,77.945,High,15.3,5.57497263,1.22490869993085,80.63400269,High,100.0,1
LBR,Liberia,Monrovia,Africa,Western Africa,Northern,0,0,111369,1,0,0,0,0,0,0,Niger-Congo,Low income,1871.04406164262,Low,2.914,22.652179108455,41.9269228267256,33.8327272928139,Agriculture-significant,0.21770499999999998,8.21497439118964,5612817.0,Small,57.0289763289037,Moderate,2.15725346515291,55.5387986654968,Mixed,3.864,High,3.30499818540316,Young,62.324,Medium,63.2,13.00574875,2.2665256232687,32.23360062,Medium,32.5,1
LBY,Libya,Tripoli,Africa,Northern Africa,Northern,0,0,1759540,1,0,0,0,0,0,1,Afro-Asiatic,Upper middle income,14303.8087736988,Lower-middle,19.085,73.4971404182672,28.3399914639351,2.39197609901835,Industry-heavy,0.44395,2.12615766885025,7381023.0,Small,4.15202780272117,Sparse,1.02629935747641,87.8854066107749,Hyper-urban,2.298,Replacement,5.01919584859714,Maturing,71.121,High,7.9,7.80515862,5.184692728959895,81.95449829,High,73.2,2
LCA,St. Lucia,Castries,Americas,Caribbean,Northern,0,1,616,1,0,0,0,0,1,0,Indo-European,Upper middle income,27567.3280779839,Upper-middle,10.199,9.75347513320073,75.898187714585,1.12953634378355,Service-dominant,0.25372,-0.110283575834694,179744.0,Tiny,293.909836065574,Dense,0.255689791113258,29.0973354237452,Rural,1.385,Below-replacement,9.61675943775436,Maturing,72.846,High,15.8,4.7298274,3.84700018653403,68.20500183,Medium,100.0,1
LIE,Liechtenstein,Vaduz,Europe,Western Europe,Northern,1,0,160,1,0,0,0,0,0,0,Indo-European,High income,62285.59280995445,High,5.25,39.1138727542888,57.4267188977442,0.159394839929758,Industry-heavy,6.00984,2.593769093427775,40450.0,Tiny,249.0375,Dense,1.50446197178693,14.657584904886,Rural,1.37,Below-replacement,20.7261098570354,Super-aged,84.2,Very-high,2.95,5.71460724,4.56857490539551,98.2641983,Very-high,100.0,5
LKA,Sri Lanka,Colombo,Asia,Southern Asia,Northern,0,1,65610,1,0,0,0,0,1,0,Indo-European,Lower middle income,15632.5924849848,Upper-middle,4.239,25.5288051289463,57.4695113471552,8.2996858332285,Mixed,0.10506,-0.42936004906973,21916000.0,Medium,356.239896540576,Dense,-0.550589519145017,20.2996997058686,Rural,1.952,Below-replacement,12.1039396323455,Mature,77.672,High,5.2,3.68313766,1.82774571561927,54.59,Medium,100.0,0
LSO,Lesotho,Maseru,Africa,Southern Africa,Southern,1,0,30355,1,0,0,0,0,1,0,Niger-Congo,Lower middle income,3001.16311951334,Low,16.34,30.9373582742703,48.0439628685052,6.50245582420134,Mixed,0.09453,6.10544624245032,2337423.0,Small,76.135441370224,Moderate,1.11644894351979,43.6780334209246,Mixed,2.664,Replacement,3.8564059343144,Young,57.798,Low,56.3,12.61182117,6.62253066096596,51.79660034,Medium,57.3,0
LTU,Lithuania,Vilnius,Europe,Northern Europe,Northern,0,0,65300,1,1,1,1,0,0,0,Indo-European,High income,55285.8991934304,High,6.851,23.394637462385,63.5886178536833,2.57325294659349,Service-dominant,1.04977,0.715735835228723,2888278.0,Small,45.87196485623,Moderate,0.579633464785161,68.8285833315315,Urban,1.11,Below-replacement,20.1664889015269,Super-aged,77.1951219512195,High,2.8,7.59519005,4.25285005569458,89.16116293,High,100.0,0
LUX,Luxembourg,Luxembourg,Europe,Western Europe,Northern,1,0,2586,1,1,1,1,0,0,0,Indo-European,High income,155941.288210791,High,6.4,9.65986766346083,81.1809383770858,0.20948876007365,Service-dominant,1.07045,2.05113269954859,677012.0,Tiny,258.862052624628,Dense,1.57538901671221,94.8438702866393,Hyper-urban,1.25,Below-replacement,15.4763638200631,Aged,83.1951219512195,Very-high,1.9,5.89136267,3.74451994895935,98.7606147,Very-high,100.0,0
LVA,Latvia,Riga,Europe,Northern Europe,Northern,0,0,64559,1,1,1,1,0,0,0,Indo-European,High income,43394.2732822314,High,6.9,18.4909914229206,64.6029356314433,4.04219078834273,Service-dominant,0.8236,1.26579885828729,1866124.0,Small,30.2701269484172,Moderate,-0.93796839712162,68.4839492628509,Urban,1.24,Below-replacement,21.7358403074143,Super-aged,76.4292682926829,High,2.2,7.27783823,4.3196702003479,92.70757011,Very-high,100.0,0
MAC,"Macao SAR, China",Macao,Asia,Eastern Asia,Northern,0,0,30,0,0,0,0,0,0,0,Sino-Tibetan,High income,126959.917138906,High,2.262,5.43429807775942,90.8612029225015,0.937452748505902,Service-dominant,0.31097,0.672498598854365,687000.0,Tiny,20569.696969697,Very-dense,1.20077588622782,100.0,Hyper-urban,0.582,Below-replacement,14.2684189919779,Mature,83.3317073170732,Very-high,4.4,4.96703553,3.50183010101318,89.82640076,High,100.0,3
MAR,Morocco,Rabat,Africa,Northern Africa,Northern,0,0,446550,1,0,0,0,0,0,0,Afro-Asiatic,Lower middle income,10415.1240234375,Lower-middle,9.103,25.6379794827026,52.7268616776438,10.5673287621047,Mixed,0.333915,0.985256592004507,38081173.0,Medium,84.5003473000224,Moderate,0.972827595296714,62.7998124018197,Urban,2.208,Replacement,8.13865292437289,Maturing,75.493,High,14.7,6.06396198,6.02096928801329,91.2,Very-high,100.0,1
MCO,Monaco,Monaco,Europe,Western Europe,Northern,0,0,2,1,0,0,0,0,0,0,Indo-European,High income,62285.59280995445,High,5.25,12.7969646852807,87.2030353147193,1.72968455863421,Service-dominant,1.69491,2.593769093427775,38631.0,Tiny,18692.8982725528,Very-dense,-0.837774113919638,100.0,Hyper-urban,2.102,Replacement,36.1665501799073,Super-aged,86.497,Very-high,2.2,3.11959291,1.73223996162415,99.04489899,Very-high,100.0,5
MDA,Moldova,Chisinau,Europe,Eastern Europe,Northern,1,0,33847,1,0,0,0,0,0,0,Indo-European,Upper middle income,18614.9880691203,Upper-middle,1.427,16.7804760610209,62.2659566789328,7.10653748230631,Service-dominant,0.21589,4.67773516007052,2402306.0,Small,85.437584732506,Moderate,-2.28306147072637,43.516471862793,Mixed,1.726,Below-replacement,16.2115124727323,Aged,71.332,High,15.1,6.7359705,6.55709981918335,77.3687973,High,100.0,0
MDG,Madagascar,Antananarivo,Africa,Eastern Africa,Southern,0,1,587041,1,0,0,0,0,0,0,Austronesian,Low income,1883.5374311384,Low,3.051,22.7896189214419,47.7176150614467,22.4578773705892,Agriculture-significant,0.01275,7.61335784313723,31964956.0,Medium,53.6196837401169,Moderate,2.43524760129506,32.4339893339844,Mixed,3.912,High,3.40515250513719,Young,63.835,Medium,43.0,3.42822957,3.04770386693564,18.67790031,Low,39.4,0
MDV,Maldives,Male,Asia,Southern Asia,Northern,0,1,300,1,0,0,0,0,1,0,Indo-European,Upper middle income,26182.7831570917,Upper-middle,4.278,9.19750765842896,72.0973260767818,3.84195889727814,Service-dominant,0.28068,1.39979779674928,527799.0,Tiny,1765.08053691275,Very-dense,0.342572358181693,41.9982152717385,Mixed,1.56,Below-replacement,4.64021341457638,Young,81.285,Very-high,4.7,9.24973583,5.16706374664829,85.23999786,High,100.0,1
MEX,Mexico,Mexico City,Americas,Central America,Northern,0,0,1964375,1,0,1,0,1,0,0,Indo-European,Upper middle income,26185.3564713253,Upper-middle,2.678,31.7777432689428,58.1037604498508,3.72451065844835,Mixed,0.25372,4.72225588452932,130861007.0,Large,66.7402757272564,Moderate,0.860515443690537,79.7538805976118,Urban,1.892,Below-replacement,8.24857017950351,Maturing,75.264,High,12.1,5.50398684,4.05987977981567,83.12233799,High,99.7,0
MHL,Marshall Islands,Majuro,Oceania,Micronesia,Northern,0,1,181,1,0,0,0,0,0,0,Austronesian,Upper middle income,8194.63854758403,Lower-middle,4.855,13.1762033498926,66.9908120927035,19.5849162789842,Agriculture-significant,1.54848,3.230563002681,37548.0,Tiny,215.705555555556,Dense,-3.34957664335036,78.7325660244112,Urban,2.864,Replacement,4.64072653669969,Young,67.075,Medium,22.7,13.40528965,7.70088005065918,65.915802,Medium,100.0,3
MKD,North Macedonia,Skopje,Europe,Southern Europe,Northern,1,0,25713,1,0,0,1,0,0,0,Indo-European,Upper middle income,26995.4292563497,Upper-middle,12.265,24.0675864525462,56.2488933827217,6.08292801881823,Mixed,0.37363,3.48974086026954,1824359.0,Small,72.474861221253,Moderate,-0.189311904958652,62.5645376928533,Urban,1.4,Below-replacement,18.0247601630052,Aged,76.6165853658537,High,2.5,7.42730284,4.224859952926635,93.6,Very-high,100.0,1
MLI,Mali,Bamako,Africa,Western Africa,Northern,1,0,1240192,1,0,0,0,0,0,0,Niger-Congo,Low income,3314.77332231959,Low,2.924,23.4585096624927,36.314957700289,33.2515839930836,Agriculture-significant,0.14743,3.2063986409966,24478595.0,Medium,19.4798572353486,Sparse,2.94115084753028,31.6075621182225,Mixed,5.51,Very-high,2.38401749806275,Young,60.675,Medium,47.5,3.81316996,4.18465094218116,36.80149841,Medium,54.5,0
MLT,Malta,Valletta,Europe,Southern Europe,Northern,0,1,316,1,1,0,0,0,1,0,Afro-Asiatic,High income,69863.7461313457,High,3.1,10.6647509488158,81.772969602807,0.225064607054737,Service-dominant,0.64792,1.65079469283109,568847.0,Tiny,1727.334375,Very-dense,2.87111128593908,95.6546264490509,Hyper-urban,1.01,Below-replacement,20.2123026573043,Super-aged,82.9560975609756,Very-high,4.7,8.84301376,4.71258020401001,93.86029816,Very-high,100.0,0
MMR,Myanmar,Naypyidaw,Asia,South-eastern Asia,Northern,0,0,676578,1,0,0,0,0,0,0,Sino-Tibetan,Lower middle income,5997.46516323715,Lower-middle,2.887,37.8123706470066,41.3534526849189,20.8341766680744,Agriculture-significant,0.02307,8.82506696804558,54500091.0,Large,82.9420656687147,Moderate,0.674364862610485,30.4499084074136,Mixed,2.098,Below-replacement,7.3044263357285,Maturing,67.095,Medium,32.8,4.45748425,1.99976003170013,45.4477005,Medium,76.8,0
MNE,Montenegro,Podgorica,Europe,Southern Europe,Northern,0,0,13812,1,0,0,1,0,0,0,Indo-European,Upper middle income,34062.7577672706,Upper-middle,13.206,12.1791547564628,63.7695853263977,3.49344410359799,Service-dominant,0.36328,3.33675009282281,623525.0,Tiny,46.3590334572491,Moderate,-0.000641511915285095,65.5422314706266,Urban,1.8,Below-replacement,17.8320804850907,Aged,77.890243902439,High,1.9,9.6549921,4.224859952926635,88.88258428,High,100.0,1
MNG,Mongolia,Ulaanbaatar,Asia,Eastern Asia,Northern,1,0,1564110,1,0,0,0,0,0,0,Mongolic,Upper middle income,19144.7261368498,Upper-middle,5.158,38.1408816723984,44.3407185995683,7.2909521026131,Industry-heavy,0.08365,6.1977990165842,3524788.0,Small,2.23365125312889,Sparse,1.24590299529718,70.9566040039062,Urban,2.5,Replacement,5.13764767489369,Maturing,72.3980487804878,High,11.2,6.07207489,5.21229982376099,85.12349701,High,100.0,0
MOZ,Mozambique,Maputo,Africa,Eastern Africa,Southern,0,0,801590,1,0,0,0,0,1,0,Niger-Congo,Low income,1705.37919520416,Low,6.668,21.9003012294797,41.0964463998045,25.1764811733064,Agriculture-significant,0.30814,4.07856834812022,34631766.0,Medium,42.7721457819375,Moderate,2.91994049442347,36.4332337447237,Mixed,4.69,High,2.75374348509978,Young,63.797,Medium,43.7,8.50126553,5.97607342054314,20.52729988,Low,36.0,0
MRT,Mauritania,Nouakchott,Africa,Western Africa,Northern,0,0,1030700,1,0,0,0,0,0,0,Afro-Asiatic,Lower middle income,7368.75275290214,Lower-middle,10.257,30.5052071100395,42.4294833153804,19.3310648282597,Agriculture-significant,0.01019,2.49164347481972,5169395.0,Small,4.87284466867178,Sparse,2.88395898961435,60.6068586411829,Urban,4.625,High,3.22841423141255,Young,68.713,Medium,30.2,4.34333467,7.61007976531982,45.77939987,Medium,50.3,0
MUS,Mauritius,Port Louis,Africa,Eastern Africa,Northern,0,1,2040,1,0,0,0,0,1,0,Niger-Congo,Upper middle income,31839.7597535524,Upper-middle,5.548,17.7933931023342,64.3722524144138,4.23214718404929,Service-dominant,0.26181,3.6045220384796,1245779.0,Small,625.261392088132,Very-dense,-0.2299528038748,39.0162147027917,Mixed,1.44,Below-replacement,13.5258962419631,Mature,73.7890243902439,High,13.8,5.56544495,4.247389793396,73.30793533,High,100.0,0
MWI,Malawi,Lilongwe,Africa,Eastern Africa,Southern,1,0,118484,1,0,0,0,0,1,0,Niger-Congo,Low income,1857.61756950305,Low,5.051,17.0687636556069,44.2065590810766,31.774775046638,Agriculture-significant,0.17752,32.1796504225025,21655286.0,Medium,223.84898175647,Dense,2.57641467045761,17.268503531213,Rural,3.59,High,2.58611915815843,Young,67.561,Medium,38.0,6.53459597,2.74888371105811,18.96159935,Low,15.6,0
MYS,Malaysia,Kuala Lumpur,Asia,South-eastern Asia,Northern,0,0,330803,1,0,0,0,0,1,0,Austronesian,Upper middle income,38779.2830442253,High,3.846,36.9733732564335,53.7203005018668,8.12846782241948,Industry-heavy,1.0121,1.834100204499,35557673.0,Medium,106.913096941105,Moderate,1.22058891015438,76.9170296648992,Urban,1.543,Below-replacement,7.73785157794421,Maturing,76.821,High,7.0,3.95760036,3.51481008529663,98.0206059,Very-high,100.0,0
NAM,Namibia,Windhoek,Africa,Southern Africa,Southern,0,0,825615,1,0,0,0,0,1,0,Niger-Congo,Lower middle income,11686.6020661881,Lower-middle,19.157,28.8634821730246,54.4586091697762,7.29120638562693,Mixed,0.64636,4.23903922877036,3030131.0,Small,3.59909023551847,Sparse,2.23715227334598,50.4088030252155,Mixed,3.211,High,3.67296001393999,Young,67.516,Medium,36.4,9.48251629,9.08440819434816,64.87460327,Medium,56.7,0
NCL,New Caledonia,Noum'ea,Oceania,Melanesia,Southern,0,1,18575,0,0,0,0,0,0,0,Austronesian,High income,36890.706760689194,High,10.991,22.3267326732673,65.1940594059406,1.78613861386139,Service-dominant,1.7031550000000002,0.578317435520754,292639.0,Tiny,15.8572210065646,Sparse,0.95072208560765,67.9514695585577,Urban,1.964,Below-replacement,11.4260036666274,Mature,78.921,Very-high,5.85,10.62660122,5.136205196380615,82.0058408035186,High,100.0,5
NER,Niger,Niamey,Africa,Western Africa,Northern,1,0,1267000,1,0,0,0,0,0,0,Niger-Congo,Low income,2049.93305251019,Low,0.376,17.5682015922691,45.0285833612677,34.4620899774356,Agriculture-significant,0.21770499999999998,9.07151997725013,27032412.0,Medium,20.6519831057077,Sparse,3.28101480132484,18.0497398450803,Rural,5.935,Very-high,2.59438183698921,Young,61.433,Medium,65.6,4.04895782,4.07412707618114,15.55760002,Low,20.1,1
NGA,Nigeria,Abuja,Africa,Western Africa,Northern,0,0,923768,1,0,0,0,0,1,1,Niger-Congo,Lower middle income,9086.87550609627,Lower-middle,3.045,18.1967486361818,53.729561736527,25.8733343605401,Agriculture-significant,0.28444,33.2420966545406,232679478.0,Mega,250.20910328623,Dense,2.08297776184189,62.9755675573659,Urban,4.382,High,3.04866208065127,Young,54.635,Low,69.8,4.19086456,0.319069049792343,41.21139908,Medium,61.2,0
NIC,Nicaragua,Managua,Americas,Central America,Northern,0,0,130373,1,0,0,0,0,0,0,Indo-European,Lower middle income,8708.79983051626,Lower-middle,4.98,27.5567949801144,46.8284069382544,14.411507510728,Mixed,0.10742,4.62473841057141,6916140.0,Small,56.702783779292,Moderate,1.34687135560209,59.2628402709961,Mixed,2.206,Replacement,5.5335856079826,Maturing,75.1,High,9.4,8.29879284,2.86954998970032,61.39550018,Medium,88.3,0
NLD,Netherlands,Amsterdam,Europe,Western Europe,Northern,0,0,41865,1,1,1,1,0,0,0,Indo-European,High income,86173.6290841738,High,3.7,17.5234908357454,70.4906816195514,1.72968455863421,Service-dominant,2.26719,3.34754304219953,17993485.0,Medium,530.950905850906,Very-dense,0.648823280021657,95.6396517079336,Hyper-urban,1.43,Below-replacement,20.4960775816586,Super-aged,81.9658536585366,Very-high,3.4,10.00551128,5.17918014526367,97.00679779,Very-high,100.0,0
NOR,Norway,Oslo,Europe,Northern Europe,Northern,0,0,386224,1,0,1,1,0,0,0,Indo-European,High income,102037.526800237,High,4.0,36.9541773996335,51.8077568320554,2.07595111116756,Industry-heavy,1.85142,3.14530134431081,5572279.0,Small,15.1524995195871,Sparse,0.949855138372357,83.3293737928469,Urban,1.45,Below-replacement,18.7852406279027,Aged,83.1609756097561,Very-high,2.0,9.42925453,5.43234014511108,99.0,Very-high,100.0,0
NPL,Nepal,Kathmandu,Asia,Southern Asia,Northern,1,0,147181,1,0,0,0,0,0,0,Indo-European,Lower middle income,5736.62134332704,Lower-middle,10.5,11.4245020172191,55.2184600452436,21.8720119555441,Agriculture-significant,0.10461000000000001,4.6850965426577,29651054.0,Medium,207.147638646669,Dense,-0.146800968936231,66.772343163029,Urban,1.961,Below-replacement,6.50345841831696,Maturing,70.636,High,22.2,6.15843678,3.68849173764595,46.32189941,Medium,94.0,1
NRU,Nauru,Yaren District,Oceania,Micronesia,Northern,0,1,21,1,0,0,0,0,1,0,Austronesian,High income,14173.0081043154,Lower-middle,7.8575,19.6044449752619,67.4102911392727,2.21570108763617,Service-dominant,1.7031550000000002,2.577262776118305,11947.0,Tiny,593.75,Very-dense,0.604485091438176,100.0,Hyper-urban,3.29,High,2.85020717364919,Young,62.279,Medium,7.7,18.21076012,5.77715015411377,83.01170349,High,100.0,6
NZL,New Zealand,Wellington,Oceania,Australia and New Zealand,Southern,0,1,268838,1,0,1,0,0,1,0,Indo-European,High income,55551.143658637,High,4.724,19.6044449752619,67.4102911392727,4.56898326146121,Service-dominant,1.54848,2.92279782301957,5287500.0,Small,19.7485853176864,Sparse,1.66869187850147,83.9370658833132,Urban,1.57,Below-replacement,17.1957543080631,Aged,82.009756097561,Very-high,4.0,10.06186676,5.21326017379761,93.51930237,Very-high,100.0,0
OMN,Oman,Muscat,Asia,Western Asia,Northern,0,0,309500,1,0,0,0,0,0,0,Afro-Asiatic,High income,41740.1658530012,High,3.203,54.1653226231175,46.013700099547,2.60311077029303,Industry-heavy,0.38979,0.593589236248469,5281538.0,Small,16.3142778675283,Sparse,4.49738628465102,79.4440302814714,Urban,2.508,Replacement,2.64409723076876,Young,80.246,Very-high,8.3,3.49047446,4.38311004638672,95.25174678,Very-high,100.0,0
PAK,Pakistan,Islamabad,Asia,Southern Asia,Northern,0,0,796095,1,0,0,0,0,1,0,Indo-European,Lower middle income,6252.11543199559,Lower-middle,5.492,20.2457551236068,50.7319389342379,23.7432862338836,Agriculture-significant,0.16399,12.6325318530452,251269164.0,Mega,321.067474833956,Dense,1.50959876314033,39.1734368360905,Mixed,3.547,High,4.28062891951199,Young,67.799,Medium,48.2,2.51988316,1.94658005237579,57.253,Medium,95.6,0
PAN,Panama,Panama City,Americas,Central America,Northern,0,0,75417,1,0,0,0,0,0,0,Indo-European,High income,41369.422541499,High,8.451,25.5035525177363,69.3426627772372,2.68214078025339,Service-dominant,0.19708,0.693225551004538,4515577.0,Small,60.1072930709086,Moderate,1.26624987466078,65.9958447685488,Urban,2.106,Replacement,9.35311257011009,Maturing,79.775,Very-high,12.0,8.33022976,2.47225999832153,72.77149963,High,97.0,0
PER,Peru,Lima,Americas,South America,Southern,0,0,1285216,1,0,0,0,0,0,0,Indo-European,Upper middle income,17802.4182498972,Upper-middle,5.199,33.9723838777869,51.2936105507675,7.3374218616047,Mixed,0.17611,2.00770739412712,34217848.0,Medium,26.44188828125,Sparse,1.0937871324756,85.1912729600355,Hyper-urban,1.965,Below-replacement,9.22812283852747,Maturing,77.941,High,11.0,5.63786411,4.35778999328613,81.95705992,High,96.2,0
PHL,Philippines,Manila,Asia,South-eastern Asia,Northern,0,1,342353,1,0,0,0,0,0,0,Austronesian,Lower middle income,11794.1375488492,Lower-middle,2.202,27.6939779931321,63.2234952219979,9.08252678487007,Service-dominant,0.27625,3.21260487006347,115843670.0,Large,385.321122178623,Dense,0.825602488528657,55.4520983215477,Mixed,1.894,Below-replacement,5.49193411039176,Maturing,69.946,Medium,21.7,5.10122538,3.92501087473821,67.26300914,Medium,98.0,0
PLW,Palau,Koror,Oceania,Micronesia,Northern,0,1,459,1,0,0,0,0,0,0,Austronesian,High income,18230.2698627414,Upper-middle,7.8575,10.0673824813859,74.7688539101668,3.04062521469754,Service-dominant,1.7031550000000002,2.23172772921704,17695.0,Tiny,38.5369565217391,Moderate,-0.180678723422048,79.2095042878667,Urban,1.883,Below-replacement,11.3418665762482,Mature,69.383,Medium,18.6,10.85468197,3.43726476321334,83.92549896,High,100.0,2
PNG,Papua New Guinea,Port Moresby,Oceania,Melanesia,Southern,0,0,462840,1,0,0,0,0,1,0,Austronesian,Lower middle income,4874.6899553589,Low,2.625,36.2878065224517,42.0273807046412,16.9595908086069,Agriculture-significant,0.03158,0.602403921107917,10576502.0,Medium,22.9422669257607,Sparse,1.78260733820852,15.4061816403333,Rural,3.072,High,3.46461445686932,Young,66.256,Medium,31.3,2.87081432,0.782122804685732,18.81159973,Low,20.5,0
POL,Poland,Warsaw,Europe,Eastern Europe,Northern,0,0,312679,1,1,1,1,0,0,0,Indo-European,High income,51262.5105756884,High,2.807,27.2480779716168,59.1475357964785,2.54032372848325,Mixed,1.55525,3.79060897630197,36559233.0,Medium,119.787615502661,Moderate,-0.349832361234927,59.9705468695101,Mixed,1.14,Below-replacement,20.1434028173028,Super-aged,78.409756097561,Very-high,3.6,8.06380177,4.31372976303101,88.58496367,High,100.0,0
PRI,Puerto Rico (US),San Juan,Americas,Caribbean,Northern,0,1,8870,0,0,0,0,0,0,0,Indo-European,High income,50247.8492461676,High,5.639,47.1610117080772,51.8089701174057,0.700867503663465,Industry-heavy,0.42882,2.501895833531155,3203295.0,Small,361.194137542277,Dense,-0.0155140706220036,94.2539505199436,Hyper-urban,0.92,Below-replacement,24.718679022048,Super-aged,81.902,Very-high,9.1,7.19602823,4.27101949674789,87.29178106,High,100.0,3
PRT,Portugal,Lisbon,Europe,Southern Europe,Northern,0,0,92090,1,1,1,1,0,0,0,Indo-European,High income,51679.8883807527,High,6.5,18.6896910617551,66.2769355054703,2.02167120867754,Service-dominant,1.69491,2.41613187791884,10694681.0,Medium,115.475189289738,Moderate,1.09536933248007,61.3281907341332,Urban,1.41,Below-replacement,24.5306498594644,Super-aged,82.3829268292683,Very-high,2.7,10.24061108,4.55160999298096,88.48704454,High,100.0,0
PRY,Paraguay,Asuncion,Americas,South America,Southern,1,0,406752,1,0,0,0,0,0,0,Indo-European,Upper middle income,18523.6810153,Upper-middle,5.686,32.4816951610773,48.7451301791156,10.7149976827803,Mixed,0.14117,3.83540271728533,6929153.0,Small,17.282671943072,Sparse,1.23438951533718,69.8622585886961,Urban,2.416,Replacement,6.53764608747996,Maturing,73.982,High,14.5,8.35731316,3.53410005569458,81.57806793,High,99.8,0
PSE,West Bank and Gaza,Ramallah,Asia,Western Asia,Northern,0,0,6220,0,0,0,0,0,0,0,Afro-Asiatic,Lower middle income,4371.11135857265,Low,24.42,15.5805444898279,58.5346175180273,5.7037522621709,Mixed,0.10461000000000001,53.6691458303782,5289152.0,Small,857.390041493776,Very-dense,2.36027908447521,87.1196014117004,Hyper-urban,3.25,High,3.83773428275027,Young,69.213,Medium,17.0,10.73343945,5.43442010879517,86.63765334,High,100.0,1
PYF,French Polynesia,Papeete,Oceania,Polynesia,Southern,0,1,4167,0,0,0,0,0,0,0,Austronesian,High income,36890.706760689194,High,11.613,10.646123379638,75.9039508824945,2.21570108763617,Service-dominant,1.7031550000000002,2.577262776118305,281807.0,Tiny,80.990492653414,Moderate,0.244792945440769,61.7191984724331,Urban,1.491,Below-replacement,11.324082304702,Mature,84.192,Very-high,5.85,10.62660122,5.136205196380615,72.7038953132942,High,100.0,6
QAT,Qatar,Doha,Asia,Western Asia,Northern,0,0,11586,1,0,0,0,0,0,0,Afro-Asiatic,High income,126046.354855612,High,0.13,58.236268915653,46.0697058735045,0.287307333607437,Industry-heavy,0.68058,1.26734310292375,2857822.0,Small,231.160313315927,Dense,7.32265165181291,99.3219891728394,Hyper-urban,1.717,Below-replacement,1.67581729963329,Young,82.522,Very-high,4.8,2.52358818,3.23368000984192,98.08540344,Very-high,100.0,0
ROU,Romania,Bucharest,Europe,Eastern Europe,Northern,0,0,238391,1,1,0,1,0,0,0,Indo-European,High income,49076.5399383138,High,5.4,25.2544803034454,62.5509064348212,2.81143528363417,Service-dominant,0.51656,5.72140574354439,19051804.0,Medium,82.8453668289291,Moderate,-0.0485820204761977,52.1674778928768,Mixed,1.39,Below-replacement,19.9809987731847,Aged,76.4585365853659,High,6.0,5.70901489,3.2788200378418,91.29048551,Very-high,100.0,0
RUS,Russian Federation,Moscow,Europe,Eastern Europe,Northern,0,0,17098246,1,0,0,0,1,0,0,Indo-European,High income,47404.96484375,High,2.43,30.7201326538798,57.5256119391898,2.74357243387426,Mixed,0.93706,8.43486410496723,143533851.0,Large,8.78227219242749,Sparse,-0.203423663777625,75.1119136177067,Urban,1.418,Below-replacement,17.1774753758315,Aged,73.4404878048781,High,4.1,7.04438496,4.16454853394225,94.36495368,Very-high,100.0,0
RWA,Rwanda,Kigali,Africa,Eastern Africa,Southern,1,0,26338,1,0,0,0,0,1,0,Niger-Congo,Low income,3710.86040434596,Low,11.331,20.9658580178961,47.5501469376632,24.5807696089078,Agriculture-significant,0.78149,1.77029240198635,14256567.0,Medium,565.645358735306,Very-dense,2.14176839550509,29.8849714294083,Rural,3.645,High,3.92606803328137,Young,68.017,Medium,29.4,5.12708998,4.61476993560791,31.70330048,Medium,63.9,0
SAU,Saudi Arabia,Riyadh,Asia,Western Asia,Northern,0,0,2149690,1,0,0,0,1,0,1,Afro-Asiatic,High income,71375.3727890285,High,3.518,44.9344380522779,47.0745603554281,2.53573305211338,Industry-heavy,0.63522,1.68792112375809,35300280.0,Medium,15.6779493787476,Sparse,4.63120232685885,84.4554020211443,Urban,2.308,Replacement,2.95084263846487,Young,78.982,Very-high,4.7,5.68722248,4.48087978363037,100.0,Very-high,100.0,0
SDN,Sudan,Khartoum,Africa,Northern Africa,Northern,0,0,1886068,1,0,0,0,0,0,0,Afro-Asiatic,Low income,2115.81616210938,Low,7.53,23.1519847472801,54.6666336527076,22.1813816000123,Agriculture-significant,0.21770499999999998,138.80846024176,50448963.0,Large,26.7895026766595,Sparse,0.808373216038761,34.8673015510839,Mixed,4.264,High,3.30171309271226,Young,66.521,Medium,42.9,2.85165739,2.946184505782845,18.60000038,Low,66.0,2
SEN,Senegal,Dakar,Africa,Western Africa,Northern,0,0,196722,1,0,0,0,0,0,0,Niger-Congo,Lower middle income,5070.6486207418,Lower-middle,2.788,25.0130798228271,48.4090429943812,16.6344112501138,Agriculture-significant,0.5772,0.804503298792438,18501984.0,Medium,93.8948371682335,Moderate,2.32058603495657,55.2368169057304,Mixed,3.765,High,3.61772273671508,Young,68.924,Medium,28.9,4.32314825,6.16277045366329,60.11780167,Medium,74.2,0
SGP,Singapore,Singapore,Asia,South-eastern Asia,Northern,0,1,710,1,0,0,0,0,1,0,Sino-Tibetan,High income,150689.301625826,High,2.737,21.3773151202135,73.0290588610543,0.0274391706944735,Service-dominant,1.80821,2.38951123595017,6036860.0,Small,8241.8495821727,Very-dense,1.99449365639324,100.0,Hyper-urban,0.97,Below-replacement,13.6562182859265,Mature,83.3463414634146,Very-high,2.2,4.49163246,2.19099857819757,94.37757178,Very-high,100.0,0
SLB,Solomon Islands,Honiara,Oceania,Melanesia,Southern,0,1,28896,1,0,0,0,0,1,0,Austronesian,Lower middle income,2674.89311339831,Low,1.444,23.3726706460022,46.9208634988188,29.7259898810403,Agriculture-significant,0.03158,4.32183948388033,819198.0,Tiny,28.581814933905,Sparse,2.37078352276169,30.6617188562194,Mixed,3.513,High,3.63880282910847,Young,70.694,High,16.4,5.36366177,8.29349080062944,29.04070091,Low,81.3,1
SLE,Sierra Leone,Freetown,Africa,Western Africa,Northern,0,0,71740,1,0,0,0,0,1,0,Niger-Congo,Low income,3522.30588009119,Low,3.103,25.5643098606236,42.5650434678431,29.15848297879,Agriculture-significant,0.21770499999999998,28.6337500014115,8642022.0,Small,117.214075921308,Moderate,2.1226891332086,45.3626823156371,Mixed,3.703,High,3.24269579256476,Young,61.964,Medium,54.6,4.71883011,2.62455277942046,25.10499954,Low,35.5,1
SLV,El Salvador,San Salvador,Americas,Central America,Northern,0,0,21041,1,0,0,0,0,0,0,Indo-European,Upper middle income,13264.027090968,Lower-middle,3.261,22.4383118205139,61.0366871615294,4.38040930910144,Service-dominant,0.10152,0.853782292567288,6338193.0,Small,304.518532818533,Dense,0.451762522948611,75.0674905102199,Urban,1.768,Below-replacement,8.14861585944133,Maturing,72.302,High,8.8,9.28738594,3.31666994094849,66.47769928,Medium,98.3,0
SMR,San Marino,San Marino,Europe,Southern Europe,Northern,1,0,61,1,0,0,0,0,0,0,Indo-European,High income,78745.4313299335,High,5.25,35.7653533988989,56.8955526525288,0.0150932486085713,Industry-heavy,1.69491,1.24216507945569,33977.0,Tiny,564.333333333333,Very-dense,0.344944841346899,97.1560555881096,Hyper-urban,1.158,Below-replacement,22.4099937464638,Super-aged,85.817,Very-high,1.2,6.60829115,2.89753007888794,97.35220337,Very-high,100.0,2
SOM,"Somalia, Fed. Rep.",Mogadishu,Africa,Eastern Africa,Northern,0,0,637657,1,0,0,0,0,0,0,Afro-Asiatic,Low income,1601.96466602339,Low,18.949,22.652179108455,43.9471331300685,25.1764811733064,Agriculture-significant,0.21770499999999998,7.61335784313723,19009151.0,Medium,29.2642187649441,Sparse,3.48215481810475,54.6176465524521,Mixed,6.013,Very-high,2.591583390547,Young,58.967,Low,65.4,3.74413586,8.14262404011e-06,27.94020081,Low,50.3,5
SRB,Serbia,Belgrade,Europe,Southern Europe,Northern,1,0,77589,1,0,0,0,0,0,0,Indo-European,Upper middle income,32832.1763221005,Upper-middle,7.24,23.0721503113166,58.7832317170655,3.17227014092271,Mixed,0.93978,4.6705297488997,6586476.0,Small,78.7630277084077,Moderate,-0.555761423984425,62.3830029804177,Urban,1.64,Below-replacement,22.6860376805019,Super-aged,75.9682926829268,High,4.6,8.03133774,3.40377998352051,87.69071294,High,100.0,0
SSD,South Sudan,Juba,Africa,Eastern Africa,Northern,1,0,619745,1,0,0,0,0,0,0,Nilo-Saharan,Low income,1154.88686304107,Low,12.374,33.0945353993221,56.5504512594544,10.3550274477245,Mixed,0.21770499999999998,91.4408220769046,11943408.0,Medium,18.1719082809805,Sparse,3.92792442239756,21.3768190444906,Rural,3.785,High,2.99167528264649,Young,57.738,Low,71.9,11.61002254,1.56539228959694,6.671000004,Low,5.4,1
STP,Sao Tome and Principe,Sao Tome,Africa,Middle Africa,Northern,0,1,964,1,0,0,0,0,0,0,Niger-Congo,Lower middle income,6241.85614464638,Lower-middle,9.057,2.83446203881425,80.3417493068885,12.5052804435914,Service-dominant,0.333915,14.3519273571008,235536.0,Tiny,240.490625,Dense,2.0004655038868,68.8710170184884,Urban,3.596,High,3.90024476036623,Young,69.905,Medium,9.2,5.77292156,5.0288576428727,59.11759949,Medium,81.3,1
SUR,Suriname,Paramaribo,Americas,South America,Northern,0,0,163820,1,0,0,0,0,0,0,Indo-European,Upper middle income,21800.5265989822,Upper-middle,7.621,35.0514487718833,50.8458681480381,6.77008395773172,Industry-heavy,0.25372,16.2296159130279,634431.0,Tiny,3.91810706046897,Sparse,0.877853398525397,65.7641857200885,Urban,2.231,Replacement,7.89928297955175,Maturing,73.757,High,14.8,5.40666008,2.86623341491363,87.4,High,99.6,1
SVK,Slovak Republic,Bratislava,Europe,Eastern Europe,Northern,1,0,49037,1,1,1,1,0,0,0,Indo-European,High income,48132.356430543,High,5.3,28.9374799550748,59.9609861243037,1.58278262269337,Mixed,1.03359,2.75760909424272,5422069.0,Small,112.868968386023,Moderate,-0.0861108401600769,53.1919702985684,Mixed,1.46,Below-replacement,18.5373993543753,Aged,78.3707317073171,Very-high,5.3,7.35262203,4.65688991546631,89.82507032,High,100.0,0
SVN,Slovenia,Ljubljana,Europe,Southern Europe,Northern,0,0,20273,1,1,1,1,0,0,0,Indo-European,High income,57186.3713538174,High,3.7,29.0665685208903,57.9394382652417,1.53730419088458,Mixed,2.13385,1.96562656432512,2127400.0,Small,105.31480791676,Moderate,0.326705896075754,55.7577708405917,Mixed,1.52,Below-replacement,21.7723491779025,Super-aged,82.2853658536585,Very-high,1.8,9.87630939,5.28065013885498,90.76355487,Very-high,100.0,0
SWE,Sweden,Stockholm,Europe,Northern Europe,Northern,0,0,450295,1,1,1,1,0,0,0,Indo-European,High income,71844.9129880579,High,8.4,21.6861135924505,66.4283744913472,1.4222920532684,Service-dominant,3.59978,2.83581658224034,10569709.0,Medium,25.8713678886243,Sparse,0.313432129983607,88.8559748346228,Hyper-urban,1.43,Below-replacement,20.7467682423653,Super-aged,84.0634146341463,Very-high,2.0,11.21510124,7.31909990310669,95.52930428,Very-high,100.0,0
SWZ,Eswatini,Mbabane,Africa,Southern Africa,Southern,1,0,17364,1,0,0,0,0,1,0,Niger-Congo,Lower middle income,11799.2028793201,Lower-middle,34.643,34.7365662380883,51.3633744946129,6.477307702895,Mixed,0.27807,2.59801620311077,1242822.0,Small,71.5410465116279,Moderate,0.995913343966098,26.2498461258639,Rural,2.718,Replacement,4.26195555838067,Young,64.264,Medium,42.2,7.49763966,6.03082905337534,63.40309906,Medium,86.4,0
SXM,Sint Maarten (Dutch part),Philipsburg,Americas,Caribbean,Northern,0,1,34,0,0,0,0,0,0,0,Indo-European,High income,53768.6573945662,High,7.5725,6.02852472331512,89.3434063425011,1.28792753551453,Service-dominant,0.39205,2.19201010962985,43350.0,Tiny,1257.32352941176,Very-dense,1.39608999302398,100.0,Hyper-urban,1.44,Below-replacement,13.942169063794,Mature,76.528,High,9.1,7.19602823,3.92363832601723,82.58034896999999,High,100.0,6
SYC,Seychelles,Victoria,Africa,Eastern Africa,Southern,0,0,452,1,0,0,0,0,1,0,Niger-Congo,High income,33238.5800343754,Upper-middle,6.1,12.2929752814172,65.7655757027886,2.45102518947254,Service-dominant,0.2017,0.311726050919668,121354.0,Tiny,260.376086956522,Dense,1.31136094801067,45.2898622460415,Mixed,1.85,Below-replacement,8.53904929131987,Maturing,76.2951219512195,High,12.9,4.48238087,4.45409960547034,87.81800079,High,100.0,1
SYR,Syrian Arab Republic,Damascus,Asia,Western Asia,Northern,0,0,185180,1,0,0,0,0,0,0,Afro-Asiatic,Low income,4772.4616766716,Low,13.359,12.0009587036365,44.9390534854858,43.0599878108777,Agriculture-significant,0.04217,13.4175653228571,24672760.0,Medium,128.490023416653,Moderate,4.46809539676654,72.0761345758254,Urban,2.7,Replacement,4.74170917120154,Young,72.56,High,17.7,2.70998812,4.34319019317627,33.77000046,Medium,88.4,1
TCA,Turks and Caicos Islands,Grand Turk,Americas,Caribbean,Northern,0,1,948,0,0,0,0,0,0,0,Indo-European,High income,37954.3876543471,High,7.5725,9.33694592231597,72.6356697517672,0.351671672268128,Service-dominant,0.39205,2.501895833531155,46535.0,Tiny,48.6294736842105,Moderate,0.726821053031156,94.1670917861964,Hyper-urban,1.452,Below-replacement,11.2518668944547,Mature,78.181,Very-high,3.0,7.19602823,2.94998113247616,82.58034896999999,High,100.0,5
TCD,Chad,N'Djamena,Africa,Middle Africa,Northern,1,0,1284000,1,0,0,0,0,0,0,Nilo-Saharan,Low income,2742.65952183613,Low,1.053,28.6836279280408,29.7810046845,37.6986952016608,Agriculture-significant,0.23294,8.89950732263754,20299123.0,Medium,15.342331639136,Sparse,4.94853027382671,26.9315292389497,Rural,6.028,Very-high,2.10053656012627,Young,55.238,Low,56.3,4.99707747,3.20149725837724,12.62689972,Low,12.0,0
TGO,Togo,Lome,Africa,Western Africa,Northern,0,0,56785,1,0,0,0,0,1,0,Niger-Congo,Low income,3365.45809007306,Low,1.948,20.4297482322341,49.160730242496,21.3288248148543,Agriculture-significant,0.22229,2.86262074089801,9515236.0,Small,171.067052767053,Dense,2.2413667842624,43.8148491605996,Mixed,4.121673,High,3.21344647749391,Young,62.935,Medium,34.8,6.10829544,4.14281885166484,39.48320007,Medium,59.2,0
THA,Thailand,Bangkok,Asia,South-eastern Asia,Northern,0,0,513120,1,0,0,0,0,0,0,Tai-Kadai,Upper middle income,24712.0658575135,Upper-middle,0.781,32.1359776535892,59.1528957274226,8.7111266189882,Mixed,0.93628,1.36580540798037,71668011.0,Large,140.348088629646,Moderate,-0.0480210554154485,61.8689338391321,Urban,1.204,Below-replacement,15.3627543814492,Aged,76.564,High,7.7,4.53787661,2.52122219628772,90.86718789,Very-high,100.0,0
TJK,Tajikistan,Dushanbe,Asia,Central Asia,Northern,1,0,143100,1,0,0,0,0,0,0,Indo-European,Lower middle income,5405.98011619139,Lower-middle,7.041,33.6387708593471,34.7082666200741,22.8588621065173,Agriculture-significant,0.08969,6.00458082322139,10590927.0,Medium,74.8598530153469,Moderate,1.91732317936133,26.1788063651548,Rural,3.036,High,3.85166927070363,Young,71.927,High,23.5,7.43789911,5.43682120015444,55.79339981,Medium,100.0,0
TKM,Turkmenistan,Ashgabat,Asia,Central Asia,Northern,1,0,488100,1,0,0,0,0,0,0,Turkic,Upper middle income,21213.0862501953,Upper-middle,4.02,37.4826200082708,50.350636912731,12.1667430789981,Industry-heavy,0.09,1.834100204499,7494498.0,Small,15.6713510522844,Sparse,1.75064111797897,47.0875253910294,Mixed,2.661,Replacement,4.53024308431045,Young,70.201,High,30.4,5.49789095,4.28878021240234,17.99029922,Low,100.0,1
TLS,Timor-Leste,Dili,Asia,South-eastern Asia,Southern,0,1,14874,1,0,0,0,0,0,0,Austronesian,Lower middle income,4422.77882172399,Low,1.523,11.8214186288296,71.6305202418539,20.1605204711386,Agriculture-significant,0.10461000000000001,2.06284153005468,1400638.0,Small,93.0925353059852,Moderate,1.17433638550192,28.6641074179574,Rural,2.627,Replacement,5.2777020186515,Maturing,67.904,Medium,34.6,9.59779453,5.24052834781801,35.04199982,Medium,100.0,1
TON,Tonga,Nuku'alofa,Oceania,Polynesia,Southern,0,1,747,1,0,0,0,0,1,0,Austronesian,Upper middle income,7802.66986206107,Lower-middle,1.965,14.865250461644,49.9890087748987,18.9589256874773,Agriculture-significant,1.54848,3.230563002681,104175.0,Tiny,145.273611111111,Moderate,-0.404269322267007,21.1505271125521,Rural,3.1,High,6.71559051792408,Maturing,73.07,High,7.8,7.36037779,5.31016278046634,67.4417038,Medium,100.0,1
TTO,Trinidad and Tobago,Port-of-Spain,Americas,Caribbean,Northern,0,1,5130,1,0,0,0,0,1,0,Indo-European,High income,36328.5130065685,High,3.318,34.6437057869849,59.1817694915092,0.777630166856125,Mixed,0.05039,0.526884625776839,1368333.0,Small,266.571150097466,Dense,0.0601642729371072,53.961056681951,Mixed,1.536,Below-replacement,12.3783519031106,Mature,73.617,High,17.0,7.52568626,3.23358011245727,82.15989685,High,98.7,0
TUN,Tunisia,Tunis,Africa,Northern Africa,Northern,0,0,163610,1,0,0,0,0,0,0,Afro-Asiatic,Lower middle income,14521.0080937638,Lower-middle,15.341,22.5572512872385,62.6074263616937,9.73863393101929,Service-dominant,0.74658,7.20661657168794,12277109.0,Medium,78.530065653965,Moderate,0.626519256572759,70.3585355691955,Urban,1.818,Below-replacement,9.52962134652384,Maturing,76.711,High,9.7,7.98537874,6.73398856321206,76.5,High,100.0,0
TUR,Turkiye,Ankara,Asia,Western Asia,Northern,0,0,783562,1,0,1,1,1,0,0,Turkic,Upper middle income,45639.0192735944,High,8.8,25.5035682450148,57.5212773580131,5.82042467876951,Mixed,1.42224,58.5064507300342,85518661.0,Large,110.866214934449,Moderate,0.225580501096507,89.3443122873887,Hyper-urban,1.48,Below-replacement,10.2841810756946,Mature,77.421,High,8.0,4.27524424,3.09571003913879,87.3078767,High,100.0,0
TUV,Tuvalu,Funafuti,Oceania,Polynesia,Southern,0,1,26,1,0,0,0,0,1,0,Austronesian,Upper middle income,6151.01047041608,Lower-middle,4.855,7.01551020408163,60.77961657266755,15.9163265306122,Agriculture-significant,1.54848,3.230563002681,9646.0,Tiny,327.2,Dense,-1.74703857618302,64.7254793441291,Urban,3.174,High,6.66632108237002,Maturing,67.259,Medium,16.5,27.08968544,12.8456897735596,35.20000076,Medium,100.0,4
TZA,Tanzania,Dodoma,Africa,Eastern Africa,Southern,0,0,947303,1,0,0,0,0,1,0,Niger-Congo,Lower middle income,4220.79638671875,Low,1.557,28.5715529790176,29.5630742231974,23.3180780856465,Agriculture-significant,0.333915,3.05694676312373,68560157.0,Large,75.2061481146986,Moderate,2.87426672866542,36.1684458862992,Mixed,4.541,High,3.04500104922455,Young,67.212,Medium,28.7,3.05201221,3.15504437906936,31.16209984,Medium,48.3,1
UGA,Uganda,Kampala,Africa,Eastern Africa,Northern,1,0,241550,1,0,0,0,0,1,0,Niger-Congo,Low income,3273.2671741364,Low,2.74,24.8658125296098,43.1413581135321,24.618950598633,Agriculture-significant,0.4383,3.3233806708656,50015092.0,Large,242.65210951526,Dense,2.75373170025335,31.2777698213557,Mixed,4.165,High,2.18856638123782,Young,68.487,Medium,35.9,4.23600149,2.56105027176925,8.949831061,Low,51.5,0
UKR,Ukraine,Kiev,Europe,Eastern Europe,Northern,0,0,603550,1,0,0,0,0,0,0,Indo-European,Upper middle income,18550.462890625,Upper-middle,9.834,19.0250669209845,60.6158989452331,7.11116658934678,Service-dominant,0.36988,6.50198464669254,37860221.0,Medium,65.1239834311357,Moderate,0.33702862573394,69.5315643200148,Urban,0.988,Below-replacement,18.9624484896371,Aged,74.692,High,7.6,8.2027483,5.14010000228882,82.47489929,High,100.0,0
URY,Uruguay,Montevideo,Americas,South America,Southern,0,0,181034,1,0,0,0,0,0,0,Indo-European,High income,36417.874162496,High,8.209,16.7572573016825,65.2627436197817,6.42188821840422,Service-dominant,0.70196,4.84914366613156,3386588.0,Small,19.3582504856588,Sparse,-0.0440759548302792,95.5981951588181,Hyper-urban,1.397,Below-replacement,16.0451929855644,Aged,78.287,Very-high,6.2,9.01887608,4.76461982727051,91.99109007,Very-high,100.0,0
USA,United States,Washington D.C.,Americas,Northern America,Northern,0,0,9525067,1,0,1,1,1,0,0,Indo-European,High income,85809.9003846359,High,4.022,17.8846533610262,77.5992103112853,0.959566656543433,Service-dominant,3.44716,2.94952520485207,340110988.0,Mega,36.8198061311277,Moderate,0.976421684505429,80.1247798047184,Urban,1.6265,Below-replacement,17.9287302134033,Aged,78.890243902439,Very-high,5.5,16.69414902,5.42038011550903,94.69380188,Very-high,100.0,0
UZB,Uzbekistan,Tashkent,Asia,Central Asia,Northern,1,0,447400,1,0,0,0,0,0,0,Turkic,Lower middle income,11878.5528706848,Lower-middle,4.439,31.8097631182563,45.1918282895449,18.325982693232,Agriculture-significant,0.10416,9.62825465956682,36361859.0,Medium,80.9084466129581,Moderate,1.97065383660565,50.9986686706543,Mixed,3.486,High,5.86451589287555,Maturing,72.528,High,12.8,6.74312878,5.47287597270024,89.50550079,High,100.0,0
VCT,St. Vincent and the Grenadines,Kingstown,Americas,Caribbean,Northern,0,1,389,1,0,0,0,0,1,0,Indo-European,Upper middle income,21272.0800673662,Upper-middle,18.093,15.4209047323377,66.4018742438693,3.54621278556935,Service-dominant,0.25372,3.62770736940927,100616.0,Tiny,259.802564102564,Dense,-0.700214310937747,47.8487050456749,Mixed,1.761,Below-replacement,11.8912499006122,Mature,71.382,High,10.2,4.43696308,6.4582691706334,76.19010162,High,100.0,1
VGB,British Virgin Islands,Road Town,Americas,Caribbean,Northern,0,1,151,0,0,0,0,0,0,0,Indo-European,High income,41369.422541499,High,7.5725,18.16571872812445,69.20218842807114,1.28792753551453,Service-dominant,0.39205,2.501895833531155,39471.0,Tiny,259.9,Dense,1.23892682902476,56.5072068980827,Mixed,1.048,Below-replacement,9.62352106609916,Maturing,77.431,High,11.4,7.19602823,3.17283855528435,77.7042682926829,High,100.0,8
VIR,Virgin Islands (U.S.),Charlotte Amalie,Americas,Caribbean,Northern,0,1,347,0,0,0,0,0,0,0,Indo-European,High income,49793.0324395716,High,11.423,18.16571872812445,69.20218842807114,1.28792753551453,Service-dominant,0.39205,2.501895833531155,104377.0,Tiny,299.762857142857,Dense,-0.516021671191835,95.3312197036061,Hyper-urban,1.97,Below-replacement,22.6900653671751,Super-aged,80.7707317073171,Very-high,9.1,7.19602823,3.587244718715085,64.3774942980087,Medium,100.0,8
VNM,Viet Nam,Hanoi,Asia,South-eastern Asia,Northern,0,0,331212,1,0,0,0,0,0,0,Austroasiatic,Lower middle income,16385.5065565458,Upper-middle,1.602,37.6414652034249,42.3596025324624,11.8634906983546,Industry-heavy,0.41456,3.62109273885843,100987686.0,Large,320.175197572656,Dense,0.631267006487247,38.4900703430176,Mixed,1.895,Below-replacement,9.04718319297274,Maturing,74.736,High,12.0,4.56109476,2.88738689372749,84.15,High,99.8,0
VUT,Vanuatu,Port-Vila,Oceania,Melanesia,Southern,0,1,12189,1,0,0,0,0,1,0,Austronesian,Lower middle income,3605.60736691735,Low,4.988,7.37210563507584,59.0507962071289,24.3052702502835,Agriculture-significant,0.03158,11.1825017088175,327777.0,Tiny,26.2845775225595,Sparse,2.27351944261437,22.2866933360645,Rural,3.569,High,4.29574940317746,Young,71.654,High,14.4,4.1186676,7.63695001602173,22.35140038,Low,61.6,1
WSM,Samoa,Apia,Oceania,Polynesia,Southern,0,1,2842,1,0,0,0,0,1,0,Austronesian,Upper middle income,8736.81606772538,Lower-middle,4.855,10.5838860006744,69.3629975714968,9.79503060602777,Service-dominant,1.54848,2.17245530514377,218019.0,Tiny,77.9363309352518,Moderate,0.62390639530784,17.5029115108018,Rural,3.801,High,5.88089597490133,Maturing,71.826,High,12.3,6.78103304,5.45616637544294,66.6787529,Medium,100.0,2
XKX,Kosovo,Pristina,Europe,Southern Europe,Northern,1,0,10887,0,0,0,0,0,0,0,Indo-European,Upper middle income,17864.4160145118,Upper-middle,10.2615,25.8029423102749,45.6806471652704,7.33520637426488,Mixed,0.36658,1.61944994559476,1594353.0,Small,68.79942232619435,Moderate,-5.39126176551648,50.3214443938994,Mixed,1.538,Below-replacement,10.0741041910268,Mature,78.222,Very-high,8.0,7.72932029,4.224859952926635,89.4430319734879,High,100.0,6
YEM,"Yemen, Rep.",Sana'a,Asia,Western Asia,Northern,0,0,527968,1,0,0,0,0,0,0,Afro-Asiatic,Low income,3487.0922917941853,Low,16.97,25.4429978433173,41.8118618427961,28.7451403146812,Agriculture-significant,0.04217,3.4081898410599254,40583164.0,Medium,74.6080250771824,Moderate,2.98210396880689,36.8077517596594,Mixed,4.499,High,2.52303760097367,Young,69.439,Medium,33.8,9.69559193,4.34319019317627,17.49099922,Low,83.6,4
ZAF,South Africa,Pretoria,Africa,Southern Africa,Southern,0,0,1221037,1,0,0,0,1,1,0,Niger-Congo,Upper middle income,15456.1989933658,Upper-middle,32.279,24.3105308888817,62.9921807546005,2.81119526983539,Service-dominant,0.61479,4.36115246518962,64007187.0,Large,52.1085690262058,Moderate,1.24951426055192,63.6917984858172,Urban,2.205,Replacement,6.69054794339382,Maturing,66.312,Medium,24.2,8.90966797,6.02110004425049,78.35759735,High,87.7,0
ZMB,Zambia,Lusaka,Africa,Eastern Africa,Southern,1,0,752612,1,0,0,0,0,1,0,Niger-Congo,Lower middle income,4214.89277804799,Low,5.898,35.2465830565142,57.1882934058153,2.83370764465019,Industry-heavy,0.333915,14.9856262747939,21314956.0,Medium,27.8776483407095,Sparse,2.81182258530958,45.4703838491279,Mixed,4.036,High,1.9467528327704,Young,66.528,Medium,34.6,5.97841072,4.07374933049157,17.10099983,Low,51.1,1
ZWE,Zimbabwe,Harare,Africa,Eastern Africa,Southern,1,0,390757,1,0,0,0,0,0,0,Niger-Congo,Lower middle income,5928.0806252756,Lower-middle,9.435,34.9926113141619,50.6052960837344,8.68845082778603,Mixed,0.333915,104.705170628667,16634373.0,Medium,42.24071862479,Moderate,1.7804822981922,39.8933716820696,Mixed,3.674,High,3.60165374437779,Young,63.064,Medium,62.4,2.92601609,0.384771297211919,41.64279938,Medium,62.0,1
